fuente|inmueble|operacion|zona|distrito|direccion|precio|soles|dolares|variacion|mantenimiento|caracteristica|area|dormitorio|baños|estacionamientos|detalle|enlace|fecha
urbania|departamentos|alquiler|Lima Este|Ate Vitarte|"jr Lerida 238 ate
Mayorazgo, Ate Vitarte"|S/ 2,000|2000||||"114 m² tot.
3 dorm.
2 baños"|114|3|2||Alquiler de departamento en mayorazgo – ate. Zona residencial, tranquila y estratégica. Vive con comodidad y tranquilidad en una de las zonas más agradables de Mayorazgo. Este amplio departamento ofrece el equilibrio perfecto entre espacio, buena ubicación y calidad de vida, ideal para familias que buscan un entorno seguro y bien conectado. Características del departamento: Área: 114. 12 m² 2° piso (sin ascensor) Vista exterior. Amplia sala – comedor muy iluminada. 3 habitaciones. 2 baños completos + 1 baño de visita. Edificio exclusivo de solo 3 pisos. (1 departamento por piso – mayor privacidad) No mascotitas. Entorno y ubicación privilegiada: Zona tranquila, ideal para familias. Cerca de colegios, parques y canchitas deportivas. Excelente conectividad hacia Separadora Industrial. A pocas cuadras de la Prolongación Av. Javier Prado Este. Ubicación estratégica: Fácil acceso a transporte público. Cerca de colegios, universidades e institutos. A 10 min de Real Plaza Puruchuco. A 15 min del Jockey Plaza. Mercados, parques y tiendas a solo pasos. Un departamento amplio, bien ubicado y con la privacidad que tu familia merece. - Los arbitrios municipales mensuales son S/. 65. - ⁠Se paga un costo de aprox. 15 por las luces del pasadizo (es un pago compartido) - ⁠Se paga el agua compartida aprox. 50 soles, el costo es según consumo. - ⁠En el 4 piso hay una antena que permite ver canales peruanos claros, así mismo se cuenta con un área de tendedero. Contáctame para más información o para agendar una visita.|https://urbania.pe/inmueble/clasificado/alclapin-alquiler-de-departamento-en-mayorazgo-ate-vitarte-3-dormitorios-148516667?n_src=Listado&n_pg=1&n_pos=1|2025-12-23
urbania|departamentos|alquiler|Lima Este|Ate Vitarte|"urubamba con la mar
Ate Vitarte, Lima"|S/ 1,100|1100||||"65 m² tot.
2 dorm.
1 baño"|65|2|||Se alquila lindo departamento de 2 dormitorios a espalda de plaza vea del óvalo de Santa Anita, segundo piso, consta de: 2 dormitorios, 1 baño, sala comedor, cocina con muebles altos y bajos, No paga mantenimiento ni arbitrios. Cuenta con medidor independiente de luz y agua. Condiciones: 1x1. No mascotas. Requisitos: sustentos de ingresos, estar bien calificado en infocorp y contar los interesados con dni|https://urbania.pe/inmueble/clasificado/alclapin-alquiler-de-departamento-en-ate-vitarte-lima-2-dormitorios-147692530?n_src=Listado&n_pg=1&n_pos=2|2025-12-23
urbania|departamentos|alquiler|Lima Este|Ate Vitarte|"MAYORAZGO ATE
Mayorazgo, Ate Vitarte"|S/ 3,200|3200|||150|"167 m² tot.
3 dorm.
3 baños
1 estac."|167|3|3|1|Alquilo lindísimo departamento dúplex 167m² cuenta con una amplia sala comedor, con pisos de parque con acabados de dd, zona de estudio, vestíbulo de ingreso, baño completo, cocina amplia con reposteros altos bajos, incluye campana extractra Y cocina de 6 hornillas con horno, lavandería con therma de 12 lts, con gas natural calidda, cuenta cnunto de secadora A gas, con patio Y tendal, cuarto de servicio con baño completo, en la 2da planta se encuentran 3 amplios dormitorios, un baño completo amplio A compartir con los dormitorios, también cuenta con una cochera con sistema de control remoto, luz independiente, againdependiente,, itercomunicador con camara, Y portero electrico, mantenimiento de 150 soles, arbitrios 80 soles, ubicación en zona privilegiada de mayorazco A un paso del complejo deportivo universidad de lima Y el complejo deportivo san jose de mayorazgo, coleguios cercanos antonio raimondi, Y nuestra señora de la merced, A unos minutos del C. C. plaza puruchuco, Y C. C. La molina precio S/. 3200 soles condiciones 2 de garantía Y de adelanto. Visitas inmediatas sra miluzka martínez al Ver datos mayor información Ver datos. ubicación referencial|https://urbania.pe/inmueble/clasificado/alclapin-alquiler-de-departamento-en-mayorazgo-ate-vitarte-3-dormitorios-148487683?n_src=Listado&n_pills=%C3%81rea+de+lavander%C3%ADa&n_pg=1&n_pos=3|2025-12-23
urbania|departamentos|alquiler|Lima Este|Ate Vitarte|"Av. Circunvalación, 2509, 15022, Lima, Lima, Perú
Ate Vitarte, Lima"|S/ 1,750|1750|||150|"50 m² tot.
2 dorm.
1 baño"|50|2|||{[aza901]} Av. Circunvalación 2509, Lima, Perú, Ate Vitarte. Metraje: 50m². Precio: S/ 1750— Mantenimiento: S/ 150 aproximadamente. Acepta mascotas: No. Piso: 9. Cocheras: S/ 200 adicionales en el mismo edificio. Áreas comunes: Lobby. Estado: Moderno y luminoso. Disponibilidad: Inmediata. Condiciones: 2 meses de garantía + 1 mes de adelanto. Contrato mínimo 1 año. Moderno departamento en Alquiler a un paso del Jockey Plaza - 2 Dormitorios. Vive con estilo y confort en este luminoso y bien distribuido departamento ubicado en el corazón de Ate, en un edificio Ideal para quienes buscan calidad de vida y una ubicación privilegiada. Distribución y características principales: 2 habitaciones con excelente iluminación natural. 1 baño. Sala comedor. Moderna cocina con gas natural: Cocina encimera y Campana extractora. Espacio de almacenamiento. Área de lavandería integrada con terma a gas natural. No mascotas. Equipamiento incluido: Luminarias completas instaladas. Ubicación inmejorable: Av. Circunvalación, 2509, Ver datos, Lima, Lima, Perú Con acceso rápido al centro comercial Jockey Plaza universidades, clínicas, bancos, restaurantes, supermercados y principales avenidas. * Se puede alquilar cochera en el mismo edificio por S/ 200. Condiciones. 2 meses de garantía y 1 de adelanto. Contrato mínimo: 1 año|https://urbania.pe/inmueble/clasificado/alclapin-alquiler-de-departamento-en-ate-vitarte-lima-2-dormitorios-146920123?n_src=Listado&n_pills=%C3%81rea+de+lavander%C3%ADa&n_pg=1&n_pos=4|2025-12-23
urbania|departamentos|alquiler|Lima Este|Ate Vitarte|"Begonias ate
Ate Vitarte, Lima"|S/ 1,300 · USD 388|1300|388|||"55 m² tot.
1 dorm.
1 baño"|55|1|||Dali Tafur 9-6-0-9-6-6-7-3-1 Departamento de Estreno en Ate Vitarte – Estilo Americano Se alquila moderno departamento de 55 m², estilo americano, ubicado en el 4to piso, a pocos pasos de la Plaza de Ate, en una zona muy tranquila, segura y privada. Sala – cocina – comedor integrados Área de lavandería Opción de adaptar 1 o 2 dormitorios según necesidad Solo 2 departamentos por piso Disponibles con vista interior o vista exterior Entrada independiente Escaleras descansadas Área compartida de lavandería o tendal Departamento de estreno? Alquiler: S/ 1, 300? Incluye servicios? Excelente ubicación: cerca a comercios, transporte y todo lo que necesitas, sin perder privacidad y tranquilidad.? No se aceptan mascotas? Requisitos: sustento de ingresos y buen reporte en central de riesgos? Contáctanos y agenda tu visita hoy mismo|https://urbania.pe/inmueble/clasificado/alclapin-alquiler-de-departamento-en-ate-vitarte-lima-1-dormitorio-148514332?n_src=Listado&n_pills=%C3%81rea+de+lavander%C3%ADa&n_pg=1&n_pos=5|2025-12-23
urbania|departamentos|alquiler|Lima Este|Ate Vitarte|"av. Paracas Cuadra 9 con Cruce de Calle Abetos
Ate Vitarte, Lima"|S/ 550 · USD 149|550|149|||"20 m² tot.
1 dorm.
1 baño"|20|1|||Habitacion para una sola persona -se encuentra en zona centrica de salamanca, cuenta con area de cocina Y lanvanderia comun, camaras de seguridad-monitoriando las 24H, muy cerca A las av. principales via evitamiento Y javier prado, A 5 minutos del jockey plaza. -incluye en el precio la luz, agua, mantenimiento Y wifi. -no se aceptan mascotas-1 mes de garantia Y 1 mes de adelanto T. C. 3. 50Tipo de cambio referencial, sujeto a variación diaria por fluctuación del mercado|https://urbania.pe/inmueble/clasificado/alclapin-alquiler-de-departamento-en-ate-vitarte-lima-1-dormitorio-146305570?n_src=Listado&n_pg=1&n_pos=6|2025-12-23
urbania|departamentos|alquiler|Lima Este|Ate Vitarte|"CORUÑA 100
Mayorazgo, Ate Vitarte"|S/ 1,200|1200|||200|"45 m² tot.
1 dorm.
1 baño"|45|1|||Bellos mini departamentos en alquiler con ascensor en la urb mayorazgo A espaldas de la pre universidad de lima. Cuentan con una excelente distribución, área de sala comedor, 01 baño completo, intercomunicador, cocina americana, 01 dormitorio con closet todo nuevo. El perfil del arrendatario: 01 sola persona O pareja sin niños (mascota solo gato). Precio de alquiler vista exterior en piso 3: 1200 + 200 soles de mantenimiento, luz Y agua. Precio de alquiler vista interior: 1200 soles + 200 soles de (mantenimiento, luz Y agua). Condición: 1X1 contrato mínimo de 01 año renovable. Contacto: inmuebles malaga/cartty. 9. 5. 6. 5. 6. 7. 3. 3. 6. / 9. 4. 5. 3. 8. 6. 0. 3. 6.|https://urbania.pe/inmueble/clasificado/alclapin-alquiler-de-departamento-en-mayorazgo-ate-vitarte-1-dormitorio-148305784?n_src=Listado&n_pills=%C3%81rea+de+lavander%C3%ADa&n_pg=1&n_pos=7|2025-12-23
urbania|departamentos|alquiler|Lima Este|Ate Vitarte|"Calle 3
El Rosal De Salamanca, Ate Vitarte"|S/ 1,200 · USD 342|1200|342||100|"53 m² tot.
1 dorm.
1 baño"|53|1|||17 diciembre 2025. vea el video que se adjunta. ubicado en el 3° piso. vista interna. area 53 metros cuadrados sin ascensor. máximo: 2 personas adultas. no mascotas. consta de: sala. comedor. un dormitorio grande con cortinas. cocina Y lavandería. baño completo con terma. intercomunicador. un amplio tendal en el piso superior. ingreso totalmente independiente. buena ventilacion E iluminacion. buenos acabados. puerta principal de fierro haciéndola muy segura. Piso de parquet Y ventanas de tipo sistema modernas. pago de servicios. medidor de luz propio. agua entre 13 A 17 soles por persona al mes. mantenimiento del edificio S/ 100. 00. direccion: calle 3, manzana “E”, lote 1. Urbanización “el rosal de salamanca de monterrico” en ate. Junto al colegio virgen del rosario. Altura cuadra 13 de la av. Los quechuas. A 2 cuadras de av. Evitamiento (panamericana sur) Y A 2 minutos del trebol de javier prado. Edificio de 4 pisos color marron oscuro con amarillo. Sacar cita previamente. Condiciones: renta: S/ 1200. 00 soles. 1 mes adelantado + 1 de garantia. contrato notarial por 1 año como mínimo. Indispensable 3 ultimas boleta pago, para sustentar ingresos mensuales aprox. S/ 3600. ser sujeto de credito en infocorp. Por favor solamente personas serias. Informes Y citas: C. 991 – 778 - 870|https://urbania.pe/inmueble/clasificado/alclapin-alquiler-de-departamento-en-el-rosal-de-salamanca-ate-vitarte-1-dormitorio-148355502?n_src=Listado&n_pills=Cerca+a+colegios&n_pg=1&n_pos=8|2025-12-23
urbania|departamentos|alquiler|Lima Este|Ate Vitarte|"calle hera
Salamanca De Monterrico, Ate Vitarte"|S/ 2,100 · USD 623|2100|623||100|"120 m² tot.
2 dorm.
2 baños
1 estac."|120|2|2|1|¡Este es el departamento que estabas buscando! Muy amplio, cómodo, lindo, con pisos de parquet, tableros de granito y ubicado en una calle tranquila, poco transitada y muy familiar. Requisitos: *Se solicita sustento de ingresos (planilla/sólo boletas, no rxh ni sustento informal). *Se acepta solo a personas con dni (Peruanas). *Máximo para 3 personas (familia). *No se aceptan mascotas* Vive a pasos de Av. Los Quechuas, de la Av. Separadora Industrial y a minutos del Jockey Plaza. Departamento rodeado de muchos parques, como el Parque de los Anillos y con varias zonas de acceso: Av. Los Quechuas, Av. Las Palmeras, Av. Circunvalación y Av. Evitamiento. Cuenta con instituciones educativas, centros deportivos, supermercados y centros comerciales cercanos. Características generales: • Departamento ubicado en el segundo piso con escaleras descansadas + un estacionamiento en el primer piso. • Se alquila sin amoblar excepto la cocina y horno que están empotrados. • Distribución: sala/comedor amplia + cocina + 02 habitaciones + área de estudio u oficina + 02 baños completos. • Área de lavandería en la azotea (lavadero y espacio para colocar lavadora) • Precio de ocasión: S/2100. 00. • Mantenimiento: S/100. 00. • Arbitrios, agua y luz aparte. Características detalladas: Sala-comedor: Departamento recientemente pintado. Calle muy tranquila y familiar. Sala-comedor muy amplia, iluminada y con vista a la calle. Cuenta con iluminarias led y piso de parquet brillante acabado con dd. Plus: El tragaluz del comedor fue diseñado como un hermoso espacio para los amantes de las plantas. Cuenta con finos acabados y ventanas corredizas además de un amplio closet incorporado, ideal para guardar maletas, cajas y todo lo que desees. Hay un hall que se puede usar como área de oficina o estudio. Cocina: Funcional y de lujo. Tiene reposteros altos y bajos y tablero de granito. La cocina es empotrada y viene con campana extractora. Plus: Amplios reposteros con cajones para especias. Habitaciones (02): La habitación principal es espaciosa, cuenta con rollers y ¡El Walk In Closet que esperabas! El baño principal, incorporado, ofrece la privacidad que deseas. El hermoso tablero de cuarzo cuenta con un amplio cajón. Además, el baño tiene otro mueble alto. La ducha es con vidrio templado. La habitación secundaria es amplia e iluminada. Cuenta con rollers y un closet de madera. Baños (02): Uno está incorporado a la habitación principal y tiene finos acabados. El segundo baño completo tiene un diseño innovador, funciona como baño de visita y también para la segunda habitación. El departamento viene con cortinas. Información adicional del edificio: • Edificio de 04 pisos + azotea. • Lavandería en la azotea. Tendrás un espacio de tendal y un espacio para colocar una lavadora. • La zona es muy tranquila, libre de ruido. *Dirección referencial. ¡No busques más! ¡Es el departamento que esperabas! Coordina una visita lo antes posible.|https://urbania.pe/inmueble/clasificado/alclapin-alquiler-de-departamento-en-salamanca-de-monterrico-ate-vitarte-2-dormitorios-148327937?n_src=Listado&n_pills=%C3%81rea+de+lavander%C3%ADa&n_pg=1&n_pos=9|2025-12-23
urbania|departamentos|alquiler|Lima Este|Ate Vitarte|"Avenida El Banco 33 - Urbanización Alpamayo
El Banco De Javier Prado, Ate Vitarte"|S/ 1,550|1550|||100|"100 m² tot.
2 dorm.
1 baño"|100|2|||Se alquila departamento de 90 mts cuadrados ubicado en e 3er piso de un edificio de 4 pisos. Consta de 2 dormitorios, 2 baños, sala, comedor y cocina con buena iluminación. Está ubicado en la Urbanización Alpamayo cercado con solo dos puertas de ingreso con seguridad las 24 horas, estratégicamente en el límite de Ate y La Molina, cerca al Mall Puruchuco y Mall Parque La Molina, cerca a la sede principal del bcp, a una cuadra de la Av. Javier Prado y a 10 minutos del mercado Productores y Santa Anita.|https://urbania.pe/inmueble/clasificado/alclappa-alquiler-de-departamento-en-el-banco-de-javier-prado-ate-vitarte-2-dormitorios-148439052?n_src=Listado&n_pills=Seguridad&n_pg=1&n_pos=10|2025-12-23
urbania|departamentos|alquiler|Lima Este|Ate Vitarte|"Calle Nevado de Huandoy
Ate Vitarte, Lima"|S/ 1,600 · USD 457|1600|457|||"60 m² tot.
2 dorm.
2 baños"|60|2|2||Alquiler de Departamento en Residencial Alpamayo – Zona Segura y Tranquila. Ubicación privilegiada: La Residencial Alpamayo cuenta con dos ingresos: Puerta 1: Recta del Colegio Alpamayo, entrando por el óvalo de frente. Puerta 3: Acceso por la Esplanada del Monumental. Características principales: Área: 60 m² Piso: 2do piso (solo 2 departamentos por piso) Medidor de luz y contómetro independiente. Distribución: Sala – Comedor. Kitchenet. 2 dormitorios. 1 baño completo. 1 baño de visita. Lavandería en el departamento. Tendal en azotea. Condiciones: Alquiler: S/ 1, 600. No se aceptan mascotas. Requisitos: 2 meses de garantía + 1 mes de adelanto. Estar bien en Infocorp. Sustento de ingresos. Contrato mínimo de 1 año. Contacto: Patricia Chuquín 9. 9. 3. 9. 4. 9. 4. 3. 1|https://urbania.pe/inmueble/clasificado/alclapin-alquiler-de-departamento-en-ate-vitarte-lima-2-dormitorios-147723597?n_src=Listado&n_pills=%C3%81rea+de+lavander%C3%ADa&n_pg=1&n_pos=11|2025-12-23
urbania|departamentos|alquiler|Lima Este|Ate Vitarte|"MONTE VANCOUVER CON AV BLANCO
El Banco De Javier Prado, Ate Vitarte"|S/ 2,600 · USD 748|2600|748||1|"134 m² tot.
3 dorm.
2 baños"|134|3|2||Alquilo duplex 135M² en límite de ate con la molina en urb privada. detalles 1er nivel: - amplia sala con buena iluminación Y ventilación. - amplio comedor comedor. - amplia cocina americana. - lavanderia con therma A gas. - 1dormitorio con espacio para cama queen + baño privado. - cuarto de walking closet. - baño de visita. detalles 2do nivel: - 2 dormitorios secundarios con espacio hasta cama 2 plazas. - 1 baño completo. - estudio O cuarto de servicio Y baño. - amplia sala de estar. - terraza con zona de parrillas Y lavadero. - extras: - conexión de gas directo. - opcion amueblado O vacio. - edificio familiar Y tranquilo. - ubicación privilegiada. - urb privada con seguridad 24/7. - cerca A parque, colegios, comercios, oficinas, supermercados Y restaurantes. - acceso rapido A av javier prado Y ovalo huarochirí - A pocas cuadras de la sede principal del bcp - melgarejo. condiciones: - precio: S/. 2600 ligeramente negociable. - condición: 2X1 garantia Y adelante. - no paga mantenimiento. - servicios de luz Y agua independiente. solicita video Y horario de visitas directo al. Ver datos. martin zapata|https://urbania.pe/inmueble/clasificado/alclapin-alquiler-de-departamento-en-el-banco-de-javier-prado-ate-vitarte-3-dormitorios-148501652?n_src=Listado&n_pills=Cerca+a+colegios&n_pg=1&n_pos=12|2025-12-23
urbania|departamentos|alquiler|Lima Este|Ate Vitarte|"Calle 3
El Rosal De Salamanca, Ate Vitarte"|S/ 1,000 · USD 285|1000|285||100|"40 m² tot.
1 dorm.
1 baño"|40|1|||17 diciembre 2025. por favor leer el aviso completo. se adjunta video (junto A las fotos) ubicada en el 1° piso. area 40 metros cuadrados. pareja O persona sola. no niños. no mascotas. consta de: sala. cocina - comedor. 1 dormitorio. baño con rapiducha. Intercomunicador. tendal. ingreso totalmente independiente. Puerta principal de fierro haciéndola muy segura. Pago de servicios. medidor de luz propio. Mantenimiento del edificio S/ 100. 00 (incluye el consumo de agua) direccion: calle 3, manzana “E”, lote 1. Departamento 101. Urbanización “el rosal de salamanca de monterrico”, ate. Al final de la cuadra 13 de av. Los quechuas. Junto al colegio virgen del rosario. A dos cuadras de av. Evitamiento Y A 5 minutos del. trebol de javier prado. Edificio de 4 pisos color marron oscuro. Sacar cita previamente. Condiciones: renta: S/ 1000. 00. 1 mes adelantado + 1 de garantia. contrato notarial por 1 año como mínimo. Indispensable 3 ultimas boletas de pago. Ser sujeto de credito ante infocorp. Por favor solamente personas serias. Informes Y citas: C. 991 * 778* 870|https://urbania.pe/inmueble/clasificado/alclapin-alquiler-de-departamento-en-el-rosal-de-salamanca-ate-vitarte-1-dormitorio-148355156?n_src=Listado&n_pills=%C3%81rea+de+lavander%C3%ADa&n_pg=1&n_pos=13|2025-12-23
urbania|departamentos|alquiler|Lima Este|Ate Vitarte|"Los Portales de Javier Prado
Los Portales De Javier Prado, Ate Vitarte"|S/ 1,390 · USD 412|1390|412|||98 m² tot.|98||||Se alquila amplio departamento en los portales de javier prado - ateel departamento se encuentra en el 3er PisoCuenta con: - 3 habitaciones. - Sala, comedor. - Cocina. - 1 baño completo. - 1/2 baño. - Balcón. - Azotea. El departamento se encuentra ubicado a 3 minutos del Mall de Puruchuco. Cerca a farmacias, parques, colegios, mercados, restaurantes. requisitos: No estar en Infocorp. Boletas de pago. Contrato por un año. contáctame! agenda tu visita ya! Consultar con el Agente Inmobiliario encargado para mayor información Ver datos.|https://urbania.pe/inmueble/clasificado/alclapin-alquiler-de-departamento-en-los-portales-de-javier-prado-ate-vitarte-148478130?n_src=Listado&n_pg=1&n_pos=14|2025-12-23
urbania|departamentos|alquiler|Lima Este|Ate Vitarte|"Avenida Tepsicore ATE
Miraflores, Ate Vitarte"|S/ 1,500 · USD 472|1500|472||20|"100 m² tot.
2 dorm.
1 baño"|100|2|||Minelly aspajo 9 5 9 8 8 4 7 3 3 Alquiler Departamento de 100 m² 3 Piso con Balcon Ate. Se alquila departamento en tercer piso en Av. Tepsicore Urb, Olimpo 4 etapa Ate Excelente ubicación cerca a la Av Los Quechuas, con transporte público variado y diversas tiendas y restaurantes, mercados, farmacias, etc. La Av Los Quechuas le conduce a Av. Evitamiento y luego Av Javier Prado. Departamento con escaleras descansadas. área total 100 m2 Distribución: 2 dormitorios amplios con roperos empotrados y balcón. 1 baño completo. Una cocina básica amplia. Lavandería amplia. Sala y comedor con un balcón y mamparas de vidrio Renta S/1. 500 se paga 2 x 1 a la firma del contrato Pago adicional mensual: arbitrios S/. Xxxxx contrato mínimo A un año|https://urbania.pe/inmueble/clasificado/alclapin-alquiler-de-departamento-en-miraflores-ate-vitarte-2-dormitorios-147790012?n_src=Listado&n_pills=%C3%81rea+de+lavander%C3%ADa&n_pg=1&n_pos=15|2025-12-23
urbania|departamentos|alquiler|Lima Este|Ate Vitarte|"ATE
Ate Vitarte, Lima"|S/ 1,000 · USD 282|1000|282|||"40 m² tot.
1 dorm.
1 baño"|40|1|||"Minidepartamento funcional en zona tranquila cerca al reconocido parque de las leyendas | ate¡Vive con tranquilidad en un espacio acogedor, funcional y bien ubicado, ideal para ti! Comodidad y funcionalidad en un espacio acogedor, ideal para quienes buscan independencia y buena ubicación. Vive cerca de todo lo que necesitas, con acceso rápido a servicios, transporte y comercios. ¡Esta es tu oportunidad de mudarte a tu propio espacio! ubicacion estrategica: Ate | LimaCerca a la Av. Simón Bolívar | Av. Nicolás Ayllón | Av. San MartínA pocos minutos de la Universidad Científica del Sur | utp | ZegelCerca a minimarkets, bodegas y restaurantesPróximo al Real Plaza Santa Clara | Metro | PromartDentro de edificio pequeñodescripcion de tu futuro minidepartamento: Área: 40 m²1 Habitación | 1 bañoPiso 1Buena iluminación y luz naturalPiso de cerámico en sala, cocina y habitaciónAgua y luz independienteEntrada independientedistribucion pensada para ti: Sala comedor cómoda y funcionalCocina estilo kitchenetteHabitación principal con baño completoprecio Y condiciones: Renta mensual: S/1, 000Documentos en regla2 meses de garantía y 1 mes de adelantoSe requiere sustento de ingresos y no tener reporte negativo en Infocorp¿Para quién es este minidepartamento? Este espacio es ideal para: Estudiantes que buscan independencia y cercanía a universidades. Jóvenes profesionales que valoran una ubicación estratégica, accesibilidad al transporte y todos los servicios al alcance. Parejas jóvenes que están empezando juntos y buscan un lugar cómodo, seguro y funcional. Personas solas o adultas mayores que prefieren vivir en un espacio práctico, en una zona tranquila y bien conectada. ¿Eres tú? ¡Este minidepartamento está esperando por ti! ¡Ven y conoce tu próximo hogar, ideal para ti! R. U. C Ver datos"|https://urbania.pe/inmueble/clasificado/alclapin-alquiler-de-departamento-en-ate-vitarte-lima-1-dormitorio-148180841?n_src=Listado&n_pg=1&n_pos=16|2025-12-23
urbania|departamentos|alquiler|Lima Este|Ate Vitarte|"Asoc. El Olivar Mz J Lt 14
Ate Vitarte, Lima"|S/ 1,000|1000|||30|"70 m² tot.
3 dorm.
1 baño"|70|3|||Contacto: 9*4*3*7*7*6*6*2*8* laura risco-agente inmobiliariaalquiler de departamento de 3 hab en tercer piso A pocas cuadras de ctra. Central (altura idat sede ate) Y el complejo deportivo ollantaytambo – ate¿Estás buscando el departamento con la mejor ubicación? ¡Tenemos la solución perfecta para ti! ubicación: - Asoc. El Olivar de Vitarte Mz J Lt 14- Colindante con Calle El Trabajo-A 3 cuadras de Senasa – Sede Ate-A 1 cuadra del parque Primero de Enerodistribución: -3 habitaciones- Sala comedor-Cocina-Lavandería -1 baño-Tendal en azoteacaracterísticas: -Tercer piso-Vista interna-Acceso con escaleras-No tiene estacionamiento -No tiene gas Caliddaprecio: -Renta: S/. 1, 000 soles-Mantenimiento: S/. 30 soles- Luz: Según consumo. - Agua: Según prorrateo. -Arbitrios: S/. 16 solescondiciones: -Dos meses de garantía y 1 mes de adelanto (2x1) -Contrato anual-No estar reportado en Infocorp-Sustento de ingresos de los 3 últimos meses-Antecedentes penalescontacto: 9*4*3*7*7*6*6*2*8* laura risco-agente inmobiliaria|https://urbania.pe/inmueble/clasificado/alclapin-alquiler-de-departamento-en-ate-vitarte-lima-3-dormitorios-147248754?n_src=Listado&n_pills=%C3%81rea+de+lavander%C3%ADa&n_pg=1&n_pos=17|2025-12-23
urbania|departamentos|alquiler|Lima Este|Ate Vitarte|"Calle Suiza al 100
Ate Vitarte, Lima"|S/ 1,600 · USD 450|1600|450||70|"65 m² tot.
2 dorm.
1 baño"|65|2|||¡Vive con comodidad en una zona segura y bien ubicada! Alquilo departamento totalmente remodelado, a solo pasos del Real Plaza Puruchuco. Ideal para parejas o familias que buscan tranquilidad sin alejarse de todo.? Ubicación estratégica: cerca de colegios, mercados, áreas verdes, paraderos y servicios esenciales.? Características: 65 m²2 dormitoriosSala-comedor con buena iluminaciónCocina con lavandería integrada2 baños completos8No incluye cocheraZona cerrada con rejas y vigilancia? Alquiler mensual: S/ 1600? Servicios de agua y luz independientes? Mantenimiento: S/ 70 mensual? Contactarme|https://urbania.pe/inmueble/clasificado/alclapin-alquiler-de-departamento-en-ate-vitarte-lima-2-dormitorios-147416268?n_src=Listado&n_pills=%C3%81rea+de+lavander%C3%ADa&n_pg=1&n_pos=18|2025-12-23
urbania|departamentos|alquiler|Lima Este|Ate Vitarte|"Calle Valladolid 136
Mayorazgo Etapa Iii, Ate Vitarte"|S/ 1,800|1800|||60|"105 m² tot.
2 dorm.
1 baño
1 estac."|105|2||1|Alquiler departamento en 1er piso con cochera en mayorazgo - atea 1 cuadra de la Av Huarochiri a la espalda de la Academia Pre-Lima, a 4 minutos del ovalo Javier Prado y Huarochiri, comodo e iluminadodepartamento independiente patio - tendalcochera - storagesalacomedor ( muebles son opcionales no varia el precio) bañococina con gas caliddacocina equipada muebles altos Y bajos, Refrigeradora, Cocina, Campana2 dormitorios, con closhets Acepta solo 1 mascotaOpciones de TransporteMetro de Lima: Toma la Línea 2 y bájate en una estación cercana al óvalo, como la de Ate. Autobuses (Combis, Busetas, Corredor Rojo): Corredor Rojo: Las líneas 201 y 209 circulan por esta avenida y son una buena opción. Otras Líneas: También puedes usar las rutas 1235, 204, 1027, 1281, 1112, entre otras, que pasan por la zona. Renta S/1800. 00Mantenimiento S/60Arbitrios S/60condiciones de contratacion2 meses garantia. 1 mes adelantosustento de Ingresos comprobables via reporte tributario Sunat, 121% comprometidos en brindarte un servicio de excelencia.|https://urbania.pe/inmueble/clasificado/alclapin-alquiler-de-departamento-en-mayorazgo-etapa-iii-ate-vitarte-2-dormitorios-148495478?n_src=Listado&n_pg=1&n_pos=19|2025-12-23
urbania|departamentos|alquiler|Lima Este|Ate Vitarte|"Calle uno & av los Quechuas
Grumete Medina, Ate Vitarte"|S/ 2,500 · USD 714|2500|714||70|"85 m² tot.
3 dorm.
2 baños
1 estac."|85|3|2|1|Excelente oportunidad de vivir en Salamanca, a pocos minutos de la Vía de Evitamiento, cerca de centros comerciales, universidades y zonas de fácil acceso. Características: 1er piso interior, frente a parque. 3 dormitorios amplios. Sala comedor con mampara y salida a patio interior. Cocina cerrada independiente. 2 baños completos. 1 cochera con ingreso amplio. Pet friendly. Ideal para familias que buscan comodidad, buena ubicación y áreas de recreación cerca.|https://urbania.pe/inmueble/clasificado/alclapin-alquiler-de-departamento-en-grumete-medina-ate-vitarte-3-dormitorios-148086421?n_src=Listado&n_pg=1&n_pos=20|2025-12-23
urbania|departamentos|alquiler|Lima Este|Ate Vitarte|"ANDRES BELLO
Ate Vitarte, Lima"|S/ 1,590|1590|||70|"65 m² tot.
2 dorm.
1 baño
1 estac."|65|2||1|*Alquiler de departamento en Ate! * 65m2, segundo piso. Ubicado en Calle Andrés Bello, Urb. Santa Raquel, tercera etapa, a una cuadra del cruce entre las Av. Alborada con Huarochirí. La distribución consta de 2 dormitorios amplios, 1 baño, sala comedor, cocina y lavandería. Mascota chica permitida. Cochera no disponible. Solicita vídeo al interno. *Condiciones del trato: * -alquiler S/1, 600 (2x1) con cochera. -Mantenimientos S/70 y consumo de servicios por consumo propio. -Contar con ingresos sustentados con boleta o reporte tributario. -No registrar deudas vencidas al menos el titular que firma. solo whatsapp. -Kissy: Ver datos. -Camila Ver datos. -Erika: Ver datos. broker en linea group|https://urbania.pe/inmueble/clasificado/alclapin-alquiler-de-departamento-en-ate-vitarte-lima-2-dormitorios-148118436?n_src=Listado&n_pills=%C3%81rea+de+lavander%C3%ADa&n_pg=1&n_pos=21|2025-12-23
urbania|departamentos|alquiler|Lima Este|Ate Vitarte|"Calle Guipúzcoa 140
Mayorazgo Etapa Iv, Ate Vitarte"|S/ 1,950|1950||||"95 m² tot.
3 dorm.
3 baños
1 estac."|95|3|3|1|Ventajas del departamento 201. - 1 Sala comedor grande con cerámicos. - 1 cocina con muebles altos y bajo de Madera, y mesa de granito. - 3 dormitorios con parque con baño en el principal. - 3 baños. - Medidor de luz independiente de luz del sur. - Renta negociable sujeto a rentas adelantadas o incremento en garantía. - El estacionamiento se renta por separado. Condiciones. - (2X1) 2 meses de garantía por 1 mes adelantado. - El precio alquiler no incluye servicios ni arbitrios.|https://urbania.pe/inmueble/clasificado/alclappa-alquiler-de-departamento-en-mayorazgo-etapa-iv-ate-vitarte-3-dormitorios-63002010?n_src=Listado&n_pills=Cerca+a+colegios&n_pg=1&n_pos=22|2025-12-23
urbania|departamentos|alquiler|Lima Este|Ate Vitarte|"Los cerezos
Salamanca De Monterrico, Ate Vitarte"|S/ 1,580|1580|||165|"45 m² tot.
1 dorm.
1 baño"|45|1|||Alquilo departamento en salamanca 1 habitación. urb. Recaudadores. Alquilo departamento en salamanca 1 habitación. Ubicado en el 5to piso. 45 mts2. 1 habitación. 1 baño completo. (Terma eléctrica) Sala comedor. Kitchen abierto. Zona de lavandería con tendal en el baño. Todo el departamento cuenta con luz natural. Se encuentra tal como se muestra en las fotos. Vista a exteriores. A 3 cuadras del Vea de Salamanca. A media cuadra de parque. Precio. 1580 Soles. Incluye el pago del impuesto a la renta (sunat) a favor del inquilino. Contrato mínimo 1 año. Condiciones 2x1 (2 meses de garantías y 1 mes de adelanto) Se requiere: acreditar ingresos. Antecedentes penales y policiales. Acreditar reporte de central de riesgos|https://urbania.pe/inmueble/clasificado/alclapin-alquiler-de-departamento-en-salamanca-de-monterrico-ate-vitarte-1-dormitorio-148387409?n_src=Listado&n_pills=%C3%81rea+de+lavander%C3%ADa&n_pg=1&n_pos=23|2025-12-23
urbania|departamentos|alquiler|Lima Este|Ate Vitarte|"Calle Málaga
Mayorazgo, Ate Vitarte"|S/ 3,200 · USD 947|3200|947||150|"166 m² tot.
3 dorm.
3 baños
1 estac."|166|3|3|1|Alquiler – Dúplex moderno en Mayorazgo, Ate. Amplio, remodelado y con excelente luz natural. Segundo piso en edificio de 3 niveles (solo 2 departamentos). Incluye estacionamiento independiente. Ubicación estratégica: Cerca de Av. Javier Prado, Huarochirí, Constructores y Separadora Industrial. A minutos de Puruchuco, colegios, universidades y parques. Características principales: • 166 m² en 2 niveles (Piso 2 + Piso 3) • Sala comedor amplia. • Cocina grande con muebles altos/bajos. • Lavandería con terma a gas. • Cuarto y baño de servicio. • 3 dormitorios. • 2 baños completos + 1 baño de servicio. Incluye: • Estacionamiento con portón eléctrico. • Medidores independientes (agua, luz, gas) • Bomba Hidroneumático y Cisterna. • Intercomunicador con cámara y portero eléctrico. Condiciones: • Alquiler: S/ 3, 200. • Mantenimiento: S/ 150. • Arbitrios: S/ 80. • 2 garantías + 1 adelanto. • No mascotas. Contáctanos: Ver datos / Ver datos. Servicios e Inversiones arqmak S. A. C.|https://urbania.pe/inmueble/clasificado/alclapin-alquiler-de-departamento-en-mayorazgo-ate-vitarte-3-dormitorios-148261845?n_src=Listado&n_pills=%C3%81rea+de+lavander%C3%ADa&n_pg=1&n_pos=24|2025-12-23
urbania|departamentos|alquiler|Lima Este|Ate Vitarte|"Av. El banco
Ate Vitarte, Lima"|S/ 2,600|2600||||"134 m² tot.
3 dorm.
2 baños"|134|3|2||¡departamento duplex en alquiler! - Límite Ate/La Molina. **Ubicación: ** Urb. Privada (Seguridad 24/7), a pocas cuadras del bcp Sede Melgarejo. Disfruta de la comodidad y seguridad en este amplio dúplex de **135 m²**, ideal para familias que buscan tranquilidad y fácil acceso a vías principales como Javier Prado y el Óvalo Huarochirí. -Distribución Destacada: **Primer Nivel: ** * **Área Social: ** Amplia sala-comedor con excelente iluminación natural. * **Cocina: ** Estilo americano, moderna y funcional. * **Habitación Principal: ** Espacio para cama Queen, con baño privado y **walk-in closet** independiente. * **Servicios: ** Lavandería con therma a gas y baño de visitas. **Segundo Nivel: ** * **Habitaciones: ** 2 dormitorios secundarios (para cama de hasta 2 plazas) + 1 baño completo compartido. * **Área de Estar: ** Amplia sala de tv o Family Room. * **Terraza Privada: ** Zona de parrillas con lavadero, ideal para reuniones sociales. * **Flexibilidad: ** Cuarto y baño de servicio (o estudio/oficina). - -Beneficios Adicionales: * **Ahorro: ** Conexión a **gas natural** (Cálidda) y **Sero Mantenimiento**. * **Independencia: ** Servicios de luz y agua con medidores propios. * **Versatilidad: ** Se ofrece amueblado o vacío (a elección). * **Entorno: ** Urbanización cerrada con parques, cerca de colegios y centros comerciales. -Condiciones del Contrato: * **Precio: ** S/ 2, 600 (Ligeramente negociable). * **Modalidad: ** 2x1 (2 meses de garantía y 1 de adelanto). * **Requisitos: ** Sustento de ingresos y buen reporte en Infocorp. Contacto: isai chacon. **. 9. 4. 2. 0. 8. 3. 8. 6. 7. **|https://urbania.pe/inmueble/clasificado/alclapin-alquiler-de-departamento-en-ate-vitarte-lima-3-dormitorios-148515845?n_src=Listado&n_pills=%C3%81rea+de+lavander%C3%ADa&n_pg=1&n_pos=25|2025-12-23
urbania|departamentos|alquiler|Lima Este|Ate Vitarte|"Av. Primavera
Las Mercedes De Ate Et.2, Ate Vitarte"|S/ 1,000|1000|||50|"90 m² tot.
3 dorm.
2 baños"|90|3|2||Descubre este amplio y luminoso departamento de 90m² ubicado en una zona tranquila y soleada de Gloria Grande, Ate, ideal para familias que buscan comodidad y tranquilidad. Salida directa a la carretera central. Características Principales del Inmueble. • Ubicación Residencial: Gloria Grande, zona tranquila y con excelente iluminación natural durante todo el día. • Espacio y Distribución: o Área: 90 m² muy bien distribuidos. O Piso: Situado en el 2do piso, con acceso independiente. O Amplia Sala y Comedor: Espacios integrados y muy luminosos, perfectos para el día a día y reuniones familiares (Amplia Sala/Comedor). O Cocina Funcional: Equipada con muebles altos y bajos, (Fregadero en Cocina y - Cocina Implementada), y conexión para gas natural. O 3 habitaciones Cómodas: Todas con excelente iluminación natural y pisos vinílicos para un ambiente cálido (Habitaciones con Piso vinílico). O 2 baños Completos: Modernos, con acabados en azulejo y termas instaladas para agua caliente garantizada (Baños Completos). O Área Lavandería: Espacio dedicado con lavadero y conexiones para lavadora. • Servicios Esenciales: Conexión de Gas Natural, representa ahorro y mayor comodidad.|https://urbania.pe/inmueble/clasificado/alclappa-alquiler-de-departamento-en-las-mercedes-de-ate-et2-ate-vitarte-3-dormitorios-148276324?n_src=Listado&n_pills=%C3%81rea+de+lavander%C3%ADa&n_pg=1&n_pos=26|2025-12-23
urbania|departamentos|alquiler|Lima Este|Ate Vitarte|"Calle monte blanco Mz.O Lt 32
Los Portales De Ate, Ate Vitarte"|S/ 2,000 · USD 588|2000|588||100|"90 m² tot.
2 dorm.
2 baños"|90|2|2||Ate cerca del colegio Alpamayo alquilo cómodo departamento de 2 dorm 2 baños, sala comedor con vista a parque, con balcón, con piso de fina madera. En edificio moderno sin ascensor 1 dpto x piso, el dpto esta en 5o piso. Sin cochera. S/2, 000. mayores informes 9. 5. 2. 0. 1. 8. 5. 8. 2|https://urbania.pe/inmueble/clasificado/alclapin-alquiler-de-departamento-en-los-portales-de-ate-ate-vitarte-2-dormitorios-65619144?n_src=Listado&n_pills=Seguridad&n_pg=1&n_pos=27|2025-12-23
urbania|departamentos|alquiler|Lima Este|Ate Vitarte|"Urbanizacion Golf de Santa Clara - Centenario
Santa Clara, Ate Vitarte"|S/ 1,500|1500|||50|"90 m² tot.
2 dorm.
1 baño"|90|2|||Departamentos de estreno. Características principales: •⁠ ⁠90 m2. •⁠ ⁠2 habitaciones. •⁠ ⁠1 baño (accesorios completos) •⁠ ⁠Cocina abierta (muebles altos y bajos, campana extractora y luminaria) •⁠ ⁠Sala. •⁠ ⁠Comedor. •⁠ ⁠Lavandería (tendedero interno en cada departamento, conexión para lavadora y lavadero instalado) •⁠ ⁠Balcón con vista hacia parque (incluye 2 sillas, 1 mesa de uso externo y 1 planta alta) disponibilidad actual: 3 departamentos (3º, 4º y 5º piso) - Precio varia|https://urbania.pe/inmueble/clasificado/alclappa-alquiler-de-departamento-en-santa-clara-ate-vitarte-2-dormitorios-148346376?n_src=Listado&n_pills=Guardian%C3%ADa%2FSeguridad+privada&n_pg=1&n_pos=28|2025-12-23
urbania|departamentos|alquiler|Lima Este|Ate Vitarte|"Av Las Torres 316
Ate Vitarte, Lima"|S/ 1,100|1100|||120|"68 m² tot.
3 dorm.
2 baños"|68|3|2||Alquilo lindo departamento en 3er piso en Condominio Prados del Sol en Av Las Torres Huachipa - Ate frente al Zoológico de Huachipa, a 1 cuadra de la Carretera Central y de la Av. Ramiro Priale, el departamento está en buenos acabados, excelente iluminación y ventilación, consta de: Sala Comedor con balcón y mampara, Cocina cerrada con reposteros altos y bajos y lavandería, 3 dormitorios, principal con baño y un bño más adicional. Condominio con 3 puertas de acceso con caseta de seguridad las 24 horas. Mantenimiento 120soles incluye consumo de agua, seguridad. Luz medidor independiente. Therma instalada. Condicuones: 1mes adelanto y 2 meses de garantía. Se solicitan sustentar ingresos, no estar en Infocorp. No se aceptan mascotas.|https://urbania.pe/inmueble/clasificado/alclapin-alquiler-de-departamento-en-ate-vitarte-lima-3-dormitorios-147932364?n_src=Listado&n_pills=%C3%81rea+de+lavander%C3%ADa&n_pg=1&n_pos=29|2025-12-23
urbania|departamentos|alquiler|Lima Este|Ate Vitarte|"De la Unión 303
27 De Abril, Ate Vitarte"|S/ 1,300 · USD 358|1300|358||100|"60 m² tot.
1 dorm.
1 baño"|60|1|||Se alquila mini departamento en tercer piso de edificio ubicado en el distrito de Ate Vitarte (cerca al óvalo Santa Anita). Área: 60 m2. Sala comedor. Cocina con reposteros altos y bajos. Un dormitorio. Un baño completo. mensualidad: 1300 soles (modalidad 2x1) Incluye 100 soles de mantenimiento (limpieza y luz de áreas comunes). Datos adicionales: El departamento cuenta con gas natural. Los consumos de agua y luz del departamento son pagados por el inquilino. Sí se aceptan mascotas. El edificio se ubica cerca al ovalo Santa Anita, mercado, centros comerciales y a 3 cuadras del Metro.|https://urbania.pe/inmueble/clasificado/alclapin-alquiler-de-departamento-en-27-de-abril-ate-vitarte-1-dormitorio-146077557?n_src=Listado&n_pg=1&n_pos=30|2025-12-23
urbania|departamentos|alquiler|Lima Este|Ate Vitarte|"CONDOMINIO PRADOS DEL SOL
Ate Vitarte, Lima"|S/ 990|990|||110|"70 m² tot.
3 dorm.
2 baños
1 estac."|70|3|2|1|*Alquiler o venta de departamento en Ate! * 70m2, tercer piso, sin ascensor. Ubicado en el condominio Prados del sol, frente al zoológico de Huachipa. Consta de 3 dormitorios, 2 baños, sala comedor, área de cocina y lavandería. Mascota chica permitida. Cochera incluida. Solicita vídeo al interno. *Condiciones del trato: * -Alquiler S/1, 000 (1x1. 5) con cochera. -Ventas S/210, 000 con cochera. -Mantenimiento S/120 aprox y otros servicios por consumo. -Contar con ingresos sustentados con boleta o reporte tributario si es para alquilar. -No registrar deudas vencidas al menos el titular que firma. -Contar con cash o 20% aprox de inicial para calificar al crédito hipotecario. solo whatsapp. -Kissy: Ver datos. -Camila Ver datos. -Erika: Ver datos. broker en linea group|https://urbania.pe/inmueble/clasificado/alclapin-alquiler-de-departamento-en-ate-vitarte-lima-3-dormitorios-148451160?n_src=Listado&n_pills=%C3%81rea+de+lavander%C3%ADa&n_pg=2&n_pos=1|2025-12-23
urbania|departamentos|alquiler|Lima Este|Ate Vitarte|"De la Unión 303
27 De Abril, Ate Vitarte"|S/ 2,650 · USD 728|2650|728||150|"160 m² tot.
3 dorm.
1 baño"|160|3|||Se alquila departamento triplex remodelado (en tercer, cuarto y quinto nivel) en el distrito de Ate Vitarte (cerca al óvalo Santa Anita). Área: 160 m2. primer nivel: Sala Comedor. Cocina amplia (con reposteros altos y bajos) Baño de visitas. segundo nivel: Un dormitorio principal amplio. Dos dormitorios secundarios. Un baño completo para compartir. tercer nivel: Azotea con depósito y área lavandería y tendales. mensualidad: 2650 soles (modalidad 2x1) Incluye 150 soles de mantenimiento (limpieza y luz de áreas comunes). Datos adicionales: El departamento cuenta con gas natural. Los consumos de agua y luz del departamento son pagados por el inquilino. Sí se aceptan mascotas. El edificio se ubica cerca al ovalo Santa Anita, mercado, centros comerciales y a 3 cuadras del Metro.|https://urbania.pe/inmueble/clasificado/alclapin-alquiler-de-departamento-en-27-de-abril-ate-vitarte-3-dormitorios-146077400?n_src=Listado&n_pills=%C3%81rea+de+lavander%C3%ADa&n_pg=2&n_pos=2|2025-12-23
urbania|departamentos|alquiler|Lima Este|Ate Vitarte|"CALLE UROS SALAMANCA
Vitarte, Ate Vitarte"|S/ 2,900 · USD 850|2900|850|||"85 m² tot.
2 dorm.
1 baño"|85|2|||Se alquila departamento, en un primer piso (como local comercial Y vivienda) cerca de av. Principales como circunvalacion, canada etc. Contamos con lo sgtes, mide 85M2. Departamento de 2 dormitorios, con closet. sala comedor. cocina. 1 baño completo. patio. no paga mantenimiento. luz, agua Y arbitrios independiente. condiciones 2X1 (de garantia X adelanto) cerca de parques Y accesos rapidos. Mayor informacion al telf. 9, 9, 5, 7, 3, 4, 7, 3, 9. se alquila departamento en un 1er piso de 2 dormitorios (como local Y vivienda) con closet. sala comedor. cocina. baño patio. mens|https://urbania.pe/inmueble/clasificado/alclapin-alquiler-de-departamento-en-vitarte-ate-vitarte-2-dormitorios-148444583?n_src=Listado&n_pills=Cerca+a+colegios&n_pg=2&n_pos=3|2025-12-23
urbania|departamentos|alquiler|Lima Este|Ate Vitarte|"Gibson 109
Ate Vitarte, Lima"|S/ 650 · USD 185|650|185|||"18 m² tot.
1 dorm.
1 baño"|18|1|||Se alquila habitación para universitarios o trabajador de la zona, zona céntrica y muy cerca de av. Principales como vía. Evitamiento y la Javier prado. La casa cuenta con un ingreso totalmente independiente y cámaras de seguridad en el ingreso y areas comunes. Condiciones: -1 año de contrato-1 de garantía mas 1 mes de adelanto-Sustento de ingresos mas infocorpT. C. 3. 50Tipo de cambio referencial, sujeto a variación diaria por fluctuación del mercado|https://urbania.pe/inmueble/clasificado/alclapin-alquiler-de-departamento-en-ate-vitarte-lima-1-dormitorio-148041694?n_src=Listado&n_pg=2&n_pos=4|2025-12-23
urbania|departamentos|alquiler|Lima Este|Ate Vitarte|"Isacc Newton
Salamanca De Monterrico, Ate Vitarte"|S/ 3,034 · USD 850|3034|850|||"160 m² tot.
3 dorm.
2 baños"|160|3|2||¡Descubre tu próximo hogar u oficina en Ate, Lima! Ubicación estratégica: Isaac Newton, límite con Grumete. Disfruta de la comodidad y tranquilidad en una de las zonas más accesibles y al mismo tiempo dinámicas de Ate, rodeada de actividad comercial e industrial, ideal tanto para vivienda como para oficina. Departamento Dúplex Espacioso: Con un área construida de 160. 00 m², este inmueble ofrece el espacio perfecto para tu familia o para implementar oficinas gracias a su ubicación estratégica. Habitaciones: 3 ambientes acogedores que pueden adaptarse como dormitorios u oficinas privadas. Baños: 2 baños completos, funcionales para la rutina diaria de tu hogar o de tu equipo de trabajo. No aceptamos mascotas. Antigüedad: 10 años de construcción, bien mantenido, garantizando un ambiente fresco y acogedor. Mantenimiento y diseño: Ubicado en un edificio de solo 4 pisos, que asegura un ambiente íntimo y exclusivo. Amplio balcón: Perfecto para relajarse y disfrutar de lindos atardeceres. Cercanía a servicios: Centros comerciales, colegios, parques y principales vías de acceso, sumado al dinamismo de la zona industrial y comercial de Ate. Condiciones de alquiler: 2 meses de garantía. 1 mes de adelanto. Contrato mínimo de 1 año. Sustento de ingresos|https://urbania.pe/inmueble/clasificado/alclapin-alquiler-de-departamento-en-salamanca-de-monterrico-ate-vitarte-3-dormitorios-147198496?n_src=Listado&n_pills=%C3%81rea+de+lavander%C3%ADa&n_pg=2&n_pos=5|2025-12-23
urbania|departamentos|alquiler|Lima Este|Chaclacayo|"Condominio Golf LOS Andes - Ñaña
Ñaña, Chaclacayo"|S/ 720 · USD 205|720|205|||"58 m² tot.
3 dorm.
2 baños"|58|3|2||Se alquila departamento en el condominio golf los andes (ñaña) Zona segura, condominio privado rodeado de areas verdes altura de la av. Priale Cuenta de 3 dormitorios 2 baños completos sala/comedor, cocina y lavandería. T. C. 3. 50Tipo de cambio referencial, sujeto a variación diaria por fluctuación del mercado|https://urbania.pe/inmueble/clasificado/alclapin-alquiler-de-departamento-en-nana-chaclacayo-3-dormitorios-148041794?n_src=Listado&n_pills=%C3%81rea+de+lavander%C3%ADa&n_pg=1&n_pos=1|2025-12-23
urbania|departamentos|alquiler|Lima Este|Chaclacayo|"Los claveles 698
Chaclacayo, Chaclacayo"|S/ 1,900|1900||||"120 m² tot.
2 dorm.
1 baño
1 estac."|120|2||1|Vive con comodidad en este departamento de 120 m², primer piso y acceso independiente, ubicado en Los Claveles – Chaclacayo. Distribución funcional: dormitorio principal con walk-in closet, dormitorio adicional con cama y closet, baño completo + baño de visita, sala comedor, cocina y lavandería equipada con lavadora y terma a gas. Incluye garaje para un auto, intercomunicador y zona residencial a pasos del parque. S/ 1, 900 mensuales, con agua, cable e internet incluidos! Una opción ideal para quienes buscan tranquilidad, privacidad y confort listos para mudarse. Contactar al número: Ver datos|https://urbania.pe/inmueble/clasificado/alclapin-alquiler-de-departamento-en-chaclacayo-chaclacayo-2-dormitorios-148306156?n_src=Listado&n_pills=%C3%81rea+de+lavander%C3%ADa&n_pg=1&n_pos=2|2025-12-23
urbania|departamentos|alquiler|Lima Este|Chaclacayo|"Los Castaños 321
Chaclacayo, Lima"|S/ 1,100 · USD 314|1100|314|||"82 m² tot.
2 dorm.
1 baño"|82|2|||¡Vive la tranquilidad y el confort en Chaclacayo! Descubre tu próximo hogar en un acogedor departamento flat perfecto para parejas o familias pequeñas. Este espacio cuenta con una superficie construida de 82 m², diseñado en un solo nivel para tu máxima comodidadCaracterísticas del Departamento: -2 Habitaciones amplias y luminosas. -1 Baño completo para tus necesidades diarias. Sala-comedor con espacio suficiente para relajarte y disfrutar-Área de lavandería-Construcción moderna con solo 5 Años de antigüedad. -Cámaras de vigilanciaEste departamento representa la combinación perfecta de comodidad y accesibilidad, en una zona tranquila y segura de Chaclacayo. Aprovecha esta oportunidad para crear el hogar que siempre has deseado. Cerca al colegio Innova y a una cuadra y media de la Carretera Centralmodalidad-2 Meses de garantia-1 mes de adelanto¡Agenda tu visita y enamórate de tu nuevo hogar! T. C. 3. 50Tipo de cambio referencial, sujeto a variación diaria por fluctuación del mercado|https://urbania.pe/inmueble/clasificado/alclapin-alquiler-de-departamento-en-chaclacayo-lima-2-dormitorios-147512310?n_src=Listado&n_pills=%C3%81rea+de+lavander%C3%ADa&n_pg=1&n_pos=3|2025-12-23
urbania|departamentos|alquiler|Lima Este|Chaclacayo|"Condominio del Valle, Chaclacayo
Chaclacayo, Lima"|S/ 1,500 · USD 405|1500|405|||"83 m² tot.
3 dorm.
2 baños
1 estac."|83|3|2|1|Este precio departamento esta ubicado en el 4to pisoNo te puedes perder esta oportunidad de vivir en un condominio que esta a un paso a la carretera central, además cuenta con áreas verdes, áreas comunes como para realizar tus reuniones familiares donde gozaras de un salón amplio para tus eventos, área de parrillas, juego de mesa, MiniMarket super surtido de productos a buenos precios, área de juegos para niños y lo mas importante es que cuenta con vigilancia 24/7. la distribución del departamento es la siguiente: -Cocina abierta con muebles altos y bajos-(Con cocina, campana y refrigeradora) -Área de lavandería-Comedor con 6 sillas y una hermosa mesa-Sala con sillones y mueble de entretenimiento y televisor. -Área de oficina con muebles de escritorio-Baño completo-Área de escritorio-2 Habitaciones con camas y closet-1 Habitación principal con cama, televisor-1 Baño incorporado-Estacionamiento ampliomodalidad-2 meses de garantía-1 mes de adelantoSi deseas mas información, no dudes en comunicarte para concretar una cita. T. C. 3. 70Tipo de cambio referencial, sujeto a variación diaria por fluctuación del mercado|https://urbania.pe/inmueble/clasificado/alclapin-alquiler-de-departamento-en-chaclacayo-lima-3-dormitorios-147487714?n_src=Listado&n_pills=%C3%81rea+de+lavander%C3%ADa&n_pg=1&n_pos=4|2025-12-23
urbania|departamentos|alquiler|Lima Este|Chosica Lurigancho|"Los Crisantemos 291, Lurigancho-chosica
Chosica (Lurigancho), Lima"|S/ 900 · USD 257|900|257|||"53 m² tot.
2 dorm.
1 baño"|53|2|||Este bonito departamento consta de: -Una sala y comedor con vista interna-Cocina con muebles altos y bajos y-Area de lavanderia-2 Habitaciones-1 Baño completoSi deseas vivir en un lugar tranquilo y cerca a la carretera central, entonces esta es una buena opción. condiciones de alquiler: -2 meses de garantía-1 mes de adelantoT. C. 3. 50Tipo de cambio referencial, sujeto a variación diaria por fluctuación del mercado|https://urbania.pe/inmueble/clasificado/alclapin-alquiler-de-departamento-en-chosica-lurigancho-lima-2-dormitorios-148065282?n_src=Listado&n_pills=%C3%81rea+de+lavander%C3%ADa&n_pg=1&n_pos=1|2025-12-23
urbania|departamentos|alquiler|Lima Este|Chosica Lurigancho|"Urb el Golf de Huampani Etapa 2
Chosica (Lurigancho), Lima"|S/ 900 · USD 257|900|257|||"65 m² tot.
2 dorm.
1 baño"|65|2|||Este departamento consta de: Sala - Comedor con vista externaCocina cerrada con mueble bajo2 Habitaciones1 Baño completoÁrea de oficinacondiciones de alquiler: 2 meses de garantía1 mes de adelantoT. C. 3. 50Tipo de cambio referencial, sujeto a variación diaria por fluctuación del mercado|https://urbania.pe/inmueble/clasificado/alclapin-alquiler-de-departamento-en-chosica-lurigancho-lima-2-dormitorios-148065417?n_src=Listado&n_pg=1&n_pos=2|2025-12-23
urbania|departamentos|alquiler|Lima Este|Santa Anita|"Condominio Los Ruiseñores - Santa Anita
Santa Anita, Lima"|S/ 1,800|1800|||160|"78 m² tot.
3 dorm.
2 baños"|78|3|2||Alquiler de departamento en santa anita - Condominio Los Ruiseñores. Piso 1 - 3 Habitaciones. Área 78m2. Alquiler S/ 2, 000 condición 1x1. Mantenimiento S/ 160. Contacto: Andrés Cárdenas 9. 9. 1. 2. 4. 0. 0. 0. 1. Descripción: Departamento en Alquiler ubicado en Condominio Los Ruiseñores cerca a usmp, Ovalo Santa Anita, Mall y centros comerciales; ubicado en primer piso bastante iluminado y bien conservado. Características principales: - 3 habitaciones (la principal con baño propio) Cada dormitorio con roperos/armario incluidos. - Sala–comedor amplia y bien iluminada. - Cocina cerrada con muebles altos y bajos, mesa de granito blanco y campana extractora. - Lavandería con terma instalada. - Patio espacioso y ventilado. El departamento ha sido recientemente pintado (paredes y puertas). Se encuentra limpio, en excelente estado y listo para habitar, * Mascota pequeña. El condominio es cerrado, con seguridad 24 horas, cámaras de vigilancia y tiendas internas. Salidas rápidas: Av. Ruiseñores, Av. Nicolas Ayllón, Evitamiento, Av. Los Frutales, Av. La Molina|https://urbania.pe/inmueble/clasificado/alclapin-alquiler-de-departamento-en-santa-anita-lima-3-dormitorios-148265457?n_src=Listado&n_pills=Guardian%C3%ADa%2FSeguridad+privada&n_pg=1&n_pos=1|2025-12-23
urbania|departamentos|alquiler|Lima Este|Santa Anita|"Calle, Los Milanos al 400
Santa Anita, Santa Anita"|S/ 2,500 · USD 700|2500|700||150|"100 m² tot.
3 dorm.
1 baño"|100|3|||Doors, te presenta un cómodo departamento en alquiler, ubicado a espalda de la Universidad San Martin de Porres, cerca de colegios, comercios y avenidas principales. Departamento ideal para estudiantes universitarios. Al ingresar al departamento encontraras una sala comedor amplia, una cocina completa con muebles altos y bajos, un baño completo, tres dormitorios amplios e iluminados con vista al parqueAgendemos una visita! En Doors, ofrecemos un servicio integral en la gestión de compra, venta y alquiler de inmuebles. Nuestro equipo de profesionales trabaja con seriedad, transparencia y compromiso para garantizar operaciones seguras y exitosas. Nos enfocamos en brindar asesoría personalizada, acompañando a cada cliente en cada etapa del proceso inmobiliario, desde la valoración del inmueble hasta la firma final. Con un profundo conocimiento del mercado y una red de contactos sólida, ayudamos a propietarios e inversores a tomar las mejores decisiones. Nuestra misión es ser un aliado de confianza, generando valor y construyendo relaciones duraderas basadas en la ética y la excelencia. En Doors, creemos que una casa es mucho más que paredes y techos: es el lugar donde empiezan los sueños. Por eso, trabajamos cada día para ayudarte a encontrar el hogar perfecto o la inversión ideal. Te acompañamos en todo el camino, con cercanía, honestidad y experiencia, para que vivas el proceso de comprar, vender o alquilar de forma sencilla y segura. Nuestro propósito es unir personas con lugares especiales, y hacerlo siempre con pasión y confianza.|https://urbania.pe/inmueble/clasificado/alclapin-alquiler-de-departamento-en-santa-anita-santa-anita-3-dormitorios-147973145?n_src=Listado&n_pills=Seguridad&n_pg=1&n_pos=2|2025-12-23
urbania|departamentos|alquiler|Lima Este|Santa Anita|"AV. LOS Nogales - Santa Anita
Santa Anita, Lima"|S/ 1,750|1750||||"65 m² tot.
3 dorm.
2 baños"|65|3|2||Se alquila departamento en santa anita muy buena ubicacionel departamento se encuentra en el piso 11totalmente remodeladovista A la calle muy bien iluminado torre 8edificio de 21 pisos10 departamentos por pisosala comedor amplios Y balconcocina con reposteros altos Y bajostres cuartos con closetdos baños completoscuarto principal con baño completo area de lavanderia dos ascensorestiene tres puntos de gas natural caliddamantenimiento: S/160. 00 (monto paroximado) incluye agua de acuerdo al consumo - luz areas comunes - seguridad 7/24 privada area: 65M2no se aceptan mascotas areas comunes piscina - canchita de gras sintetico - gimnasio - salon de eventos - juego para niños - area de parrilladireccion: av. Los nogales condominio casa club recrea se le dara dias prudentes para la mudanzaprecio de alquiler: S/1, 750. 00 forma de pago: dos meses de garantia Y un mes de adelanto av. Los nogales 251 contacto: 9. 9. 4. 1. 8. 4. 2. 9. 8miguel iberico _________Jessica Tapia - Asociados: Tu socio inmobiliario en PerúTe ayudamos a vender, comprar o alquilar tu propiedad con un servicio personalizado y profesional. Encontramos el comprador, inquilino o inmueble perfecto para ti, asegurando que todo el proceso sea ágil y seguro. Visita nuestra web y haz realidad tus metas inmobiliarias|https://urbania.pe/inmueble/clasificado/alclapin-alquiler-de-departamento-en-santa-anita-lima-3-dormitorios-148323659?n_src=Listado&n_pills=Piscina&n_pg=1&n_pos=3|2025-12-23
urbania|departamentos|alquiler|Lima Este|Santa Anita|"15008, Santa Anita 15008, Perú
Santa Anita, Lima"|S/ 750 · USD 214|750|214|||"25 m² tot.
1 dorm.
1 baño"|25|1|||Buscas un lugar cómodo y seguro, en una zona céntrica de Santa Anita, a 3 cuadras del ovalo de Santa Anita, a 3 cuadras del campus de la usmp y a 10 minutos de la Javier Prado. Te ofrecemos cuartos-mini departamentos nuevos y de estreno en una ubicación preferencial. Están situados en una zona residencial frente a un parque, con acceso independiente1 dormitorio con baño incorporadoLavadero para cocinaLavandería compartida en el cuarto pisoLugar perfecto para personas solas o parejas sin hijos, estudiantes, que buscan un espacio tranquilo y ordenado. No se aceptan extranjeros. Aprovecha esta oportunidad para vivir en un entorno seguro y bien ubicado. Precio: S/750. 00No se aceptan mascotasMantenimiento: S/20Medidor de agua y luz independienteCuenta con vigilancia 24/7T. C. 3. 50Tipo de cambio referencial, sujeto a variación diaria por fluctuación del mercado|https://urbania.pe/inmueble/clasificado/alclapin-alquiler-de-departamento-en-santa-anita-lima-1-dormitorio-147934815?n_src=Listado&n_pills=%C3%81rea+de+lavander%C3%ADa&n_pg=1&n_pos=4|2025-12-23
urbania|departamentos|alquiler|Lima Este|Santa Anita|"Manuel Gozales Prada al 100
Santa Anita, Lima"|S/ 308,000 · USD 90,588|308000|90588|||"70 m² tot.
2 baños"|70||2||Se vende departamento estreno cuenta con ascensordisponibles piso 4 Y 5jr. Manuel gonzález prada 140, santa anita, lima -Referencia: al frente del parque 3sala comedor grandecocina americana, con reposteros altos Y bajos03 dormitorios2 baños completosagua caliente Y friaotroscisterna Y tanque elevado de aguamedidores independientes4to, 5to piso disponible- area 70M2entrega inmediata, ascensor! -incluye terma, ascensor, camaras vigilanciafinanciable con todos los bancos, aplica al bono buen pagador de S/. 7600 solesfrente al parque 3 de universal documentos en regla, independizado¡Confianza Total!|https://urbania.pe/inmueble/clasificado/alclapin-alquiler-de-departamento-en-santa-anita-lima-148449151?n_src=Listado&n_pills=Ascensor&n_pg=1&n_pos=5|2025-12-23
urbania|departamentos|alquiler|Lima Este|Santa Anita|"Calle las Palomas al 157- Santa Anita
Los Ruiseñores, Santa Anita"|S/ 1,500|1500||||"90 m² tot.
3 dorm.
2 baños"|90|3|2||Alquiler de departamento en Santa Anita - Urbanización Quinta EtapaSe alquila departamento ubicado en 3er piso con vista a la calle, en una zona tranquila y rodeada de áreas verdes, cerca del parque y a pocos pasos de la Av. Los Ruiseñores, en Santa Anita. Muy cerca a la Municipalidad de Santa Anita. Características del departamento: 3 dormitorios amplios y luminosos2 baños completosSala comedor espaciosaCocina funcionalLavandería independienteAmbiente luminoso y ventiladoServicios: Agua y luz aparteUbicación: Urbanización Santa Anita, Quinta Etapa, altura de cuadra 6. 5 de Av. Los RuiseñoresEntrada con rejas y vigilancia permanenteCalle Las Palomas 157 (los vigilantes indican la ubicación) Condiciones: Alquiler S/ 1, 500 mensuales (2x1) No se permiten mascotas ni bebésNo se alquila a extranjeros|https://urbania.pe/inmueble/clasificado/alclapin-alquiler-de-departamento-en-los-ruisenores-santa-anita-3-dormitorios-148457317?n_src=Listado&n_pills=%C3%81rea+de+lavander%C3%ADa&n_pg=1&n_pos=6|2025-12-23
urbania|departamentos|alquiler|Lima Este|Santa Anita|"Manuel DE LA Torre al 900
Los Robles, Santa Anita"|S/ 1,500|1500||||"62 m² tot.
2 dorm.
1 baño"|62|2|||Se alquila departamento en santa anita! Primer piso/vista internaat 60m2Ubicación: Santa Anita – a 1 cuadra de la Municipalidad. precio S/ 1500Descripción: Se alquila departamento en primer, ubicado a 1 cuadra de la Municipalidad de Santa Anita. Cuenta con sala–comedor, cocina y 2 dormitoriosAmbientes: Sala – comedorCocina tipo americana2 dormitorios con closets1 baño completoLavandería - tendalcuenta con gas natural se aceptan mascotas (1 pequeña) no cocheracondiciones y requisitos: mes de adelanto + 1 mes de garantíapago de alquiler 1, 500 mas el agua + luz+ gaslimpieza S/ 10. 00 soles. requisitos! Ingresos mensuales (personal o familiar): S/ 3, 200Buen historial en el sistema financieroNo contar con antecedentes penales, judiciales, policiales. ¡confianza total! Ubícanos en nuestra página web oficina Centro empresarial Link Tower – Manuel Olguin 335- Oficina 1203 - Urb los Granados - Santiago de Surco|https://urbania.pe/inmueble/clasificado/alclapin-alquiler-de-departamento-en-los-robles-santa-anita-2-dormitorios-148477295?n_src=Listado&n_pills=%C3%81rea+de+lavander%C3%ADa&n_pg=1&n_pos=7|2025-12-23
urbania|departamentos|alquiler|Lima Este|Santa Anita|"Urbanizacion Los cedros santa anita
Santa Anita, Lima"|S/ 1,100 · USD 327|1100|327|||"55 m² tot.
2 dorm.
1 baño"|55|2|||Contacto: janina salas // cel: 940*166*752. Se alquila departamento en 2do piso de 55 m2 con vista interior. Se encuentra ubicado en calle los Girasoles ii Etapa, Man E9, Lt 13, Urb. Los Cedros, Santa Anita. Características: - 2 dormitorios. - Cocina con reposteros. -1 baño completo. - Lavandería y tendederos compartidos. Excelente ubicación, frente a tecsup, cerca al mercado de productores, hospital Voto Bernales, parques, colegios, etc. Precio: S/. 1100 (incluido luz y agua)|https://urbania.pe/inmueble/clasificado/alclapin-alquiler-de-departamento-en-santa-anita-lima-2-dormitorios-148440917?n_src=Listado&n_pills=%C3%81rea+de+lavander%C3%ADa&n_pg=1&n_pos=8|2025-12-23
urbania|departamentos|alquiler|Lima Este|Santa Anita|"Jr Pretel
Santa Anita, Santa Anita"|S/ 1,500|1500||||"62 m² tot.
2 dorm.
1 baño"|62|2|||Se alquila departamento en 3er piso vista exterior en calle Petrel Santa Anita, altura cuadra 6 de Av. Los Ruiseñores cerca a parques, Colegios, Universidad San Martin de Porres, a pocas cuadras del Ovalo Santa Anita, Urbanización con control de ingreso y salidas, consta de: Sala Comedor, Cocina cerrada con reposteros altos y bajos, 1 baño completo, 2 dormitorios, departamento bien iluminado y ventilado, tiene un patio independiente para tendal. Dentro del precio del alquiler incluye el consumo de agua y los arbitrios. Consumo de luz independiente. Condiciones 2x1 y contrato por 1 año. Se solicitaran sustento de ingresos. No se aceptan mascotas.|https://urbania.pe/inmueble/clasificado/alclapin-alquiler-de-departamento-en-santa-anita-santa-anita-2-dormitorios-147517799?n_src=Listado&n_pg=1&n_pos=9|2025-12-23
urbania|departamentos|alquiler|Lima Este|Santa Anita|"LAS VAYAS
Santa Anita, Lima"|S/ 1,690|1690|||100|"100 m² tot.
3 dorm.
2 baños"|100|3|2||Alquiler de departamento en Santa Anita! 100m2, cuarto piso. Ubicado en calle las Vayas, cerca del cruce entre las Av. Las Chancas y Huarochirí. La distribución consta de 3 dormitorios, 2 baños, sala comedor, cocina cerrada, zona de lavandería y tendal en la azotea. Mascota no permitida. Cochera no disponible. Solicita vídeo al interno. Condiciones del trato: -S/1, 700 (2x1) cuarto piso. -S/1, 800 (2x1) tercer piso. -Mantenimiento S/100 y otros servicios por consumo propio. -Contar con ingresos sustentados con boleta o reporte tributario. -No registrar deudas vencidas al menos el titular que firma. solo whatsapp. -kissy: Ver datos. -camila: Ver datos. -erika: Ver datos. -nelsy: Ver datos. broker en linea group|https://urbania.pe/inmueble/clasificado/alclapin-alquiler-de-departamento-en-santa-anita-lima-3-dormitorios-148346137?n_src=Listado&n_pills=%C3%81rea+de+lavander%C3%ADa&n_pg=1&n_pos=10|2025-12-23
urbania|departamentos|alquiler|Lima Este|Santa Anita|"CONDOMINIO RUISEÑORES
Santa Anita, Lima"|S/ 1,790|1790|||150|"80 m² tot.
3 dorm.
2 baños"|80|3|2||*Alquiler de departamento en Santa Anita! * 80m2, primer piso. Ubicado en el condominio Ruiseñores, cerca de la estación Ovalo Santa Anita. Consta de 3 dormitorios, 2 baños, sala comedor, área de cocina y lavandería. Mascota chica a tratar. Cochera no disponible. Solicita vídeo al interno. *Condiciones: * -S/1, 800 (1x1), si desea cochera hay en condominio trato aparte. -Mantenimiento S/150 aprox con agua y otros servicios por consumo. -Contar con ingresos sustentados con boleta o reporte tributario. -No registrar deudas vencidas al menos el titular que firma. solo whatsapp. -kissy: Ver datos. -camila: Ver datos. -erika: Ver datos. -nelsy: Ver datos. broker en linea group|https://urbania.pe/inmueble/clasificado/alclapin-alquiler-de-departamento-en-santa-anita-lima-3-dormitorios-148498299?n_src=Listado&n_pills=%C3%81rea+de+lavander%C3%ADa&n_pg=1&n_pos=11|2025-12-23
urbania|departamentos|alquiler|Lima Este|Santa Anita|"Los Ficus
Alto Los Ficus, Santa Anita"|S/ 950|950|||30|"80 m² tot.
1 dorm.
1 baño"|80|1|||Se alquila minidepartamento ubicado en el 3er piso, cuenta con sala comedor, cocina amoblada altos y bajos, baño completo, dormitorio amplio, lavanderia ubicado en el 5to piso del edificio, entrada independiente, vista a la calle, cuenta con medidor de luz propio e intercomunicador. *no mascotas. *no niños. * persona con dni. llamar al 9. 6. 5. 0. 1. 7. 1. 4. 9. Y sacar cita para la visita del minidepartamento|https://urbania.pe/inmueble/clasificado/alclappa-alquiler-de-departamento-en-alto-los-ficus-santa-anita-1-dormitorio-148281374?n_src=Listado&n_pills=%C3%81rea+de+lavander%C3%ADa&n_pg=1&n_pos=12|2025-12-23
urbania|departamentos|alquiler|Lima Este|Santa Anita|"C.
Viña San Francisco, Santa Anita"|S/ 1,500|1500||||"60 m² tot.
2 dorm.
2 baños"|60|2|2||Alquiler Departamento de estreno en 2do piso en Santa Anita. Alquiler mensual: S/ 1, 500 soles. Garantía: 2 meses de garantía y 1 mes de adelanto (2x1) - Contrato por 1 año. Características: - Ubicado en el segundo piso, ventanas herméticas antiruido. - 1 habitación principal con 1 baño completo. - 1 habitación secundaria, 1 baño de visita completo. - Zona de lavandería, sala comedor. - Cocina abierta con muebles altos y bajos. - Con opción de gas natural de Calidda. Disponibilidad de horario de visitas: previa coordinación.|https://urbania.pe/inmueble/clasificado/alclappa-alquiler-de-departamento-en-vina-san-francisco-santa-anita-2-dormitorios-147351975?n_src=Listado&n_pills=%C3%81rea+de+lavander%C3%ADa&n_pg=1&n_pos=13|2025-12-23
urbania|departamentos|alquiler|Lima Este|San Juan de Lurigancho|"Los Huanchos
Zarate, San Juan de Lurigancho"|S/ 1,300 · USD 386|1300|386||20|"80 m² tot.
3 dorm.
1 baño"|80|3|||Alquiler de departamento en zarate. alquiler de hermoso Y amplio departamento en zarate. contacto: helen valverde. cel: 9*6*2*7*8*8*7*9*6. ¿Quieres independizarte y no encuentras el lugar ideal?, No te preocupes yo te doy la solución con este hermoso y amplio departamento ubicado en Jr. Los Huanchos, a 5 minutos de Puente Nuevo y a dos cuadras de Jr. Cajamarquilla, el departamento se encuentra rodeado de farmacias, tiendas, parques, mercados y mucho mas!. El departamento cuenta con lo descrito a continuación: Nivel: tercer piso. area: 80 metros cuadrados. -3 dormitorios. -1 baño. -Sala-comedor. -Cocina. Precio de oportunidad: S/. 1300 soles! Modalidad: 1 mes de adelanto y 1 mes de garantía. Contrato mínimo por 1 año. ventajas: -Excelente iluminación. -Zona tranquila. -Vigilancia. requisitos: -No estar en Infocorp. -Contar con boletas de ingresos. contacto: helen valverde. cel: 9*6*2*7*8*8*7*9*6. No lo dudes más y agenda tu visita ahora, viviendo en una urbanización con toda la tranquilidad que tu y tu familia necesita.|https://urbania.pe/inmueble/clasificado/alclapin-alquiler-de-departamento-en-zarate-san-juan-de-lurigancho-3-dormitorios-148463711?n_src=Listado&n_pg=1&n_pos=1|2025-12-23
urbania|departamentos|alquiler|Lima Este|San Juan de Lurigancho|"Rio Huaura 425
San Juan de Lurigancho, Lima"|S/ 2,000|2000||||"100 m² tot.
3 dorm.
2 baños"|100|3|2||Moderno Departamento en Alquiler en sjl – Zona Estratégicaalquiler de departamento – san juan de luriganchoexcelente ubicación y accesosA pocos minutos de la Estación del Tren San Martín, con fácil acceso a las principales vías: • Av. Fernando Wiesse• Av. Próceres de la Independencia• Av. Canto Rey• Av. Del ParqueConexión directa al Metro de Lima, ideal para una movilidad rápida y cómoda. Características del departamento: • Sala – comedor integrada• Kitchenette• Dormitorio principal con baño propio• 2 dormitorios secundarios• 1 baño adicional• Lavandería amplia• Patio• Conexión a gas Calidda para la cocinaVentajas de la zona: • Mercados cercanos• Canchas deportivas• Parques• Comercios y servicios variadosIdeal para familias o personas que buscan comodidad, buena ubicación y fácil acceso al transporte público. Interesados, comunicarse para más información. 121% comprometidos en brindarte un servicio de excelencia.|https://urbania.pe/inmueble/clasificado/alclapin-alquiler-de-departamento-en-san-juan-de-lurigancho-lima-3-dormitorios-148471367?n_src=Listado&n_pills=%C3%81rea+de+lavander%C3%ADa&n_pg=1&n_pos=2|2025-12-23
urbania|departamentos|alquiler|Lima Este|San Juan de Lurigancho|"Jr Apomayta
Zarate, San Juan de Lurigancho"|S/ 1,500|1500|||60|"120 m² tot.
3 dorm.
3 baños"|120|3|3||Ub. Zarate, alquilo bonito y amplio departamentos, ideal vivienda u oficina, independiente, 2do piso, sala, comedor, cocina, lavandería, tres baños tres dormitorios, calle apomayta, Altura Cdra. 10 de gran Chimu Urb. Zarate, Cerca al centro Comercial Mall Aventura, sodimac y otros. El presio es de mensuales, 2X1. Presentar sustento de ingresos. Abstenerse extranjeros. No se aceptan mascotas. Presentar sustento de ingresos.|https://urbania.pe/inmueble/clasificado/alclapin-alquiler-de-departamento-en-zarate-san-juan-de-lurigancho-3-dormitorios-12432083?n_src=Listado&n_pills=%C3%81rea+de+lavander%C3%ADa&n_pg=1&n_pos=3|2025-12-23
urbania|departamentos|alquiler|Lima Este|San Juan de Lurigancho|"Ca. las Anémonas 813, Las Flores, San Juan de Lurigancho
Las Flores, San Juan de Lurigancho"|S/ 1,550|1550||||"78 m² tot.
2 dorm.
1 baño"|78|2|||Urb. Las Flores. piso: 3 lado derecho. área: 78 m² antigÜedad: estreno. distribución: 2 Habitaciones amplias. 1 Cocina abierta. 1 Sala-comedor. 1 Baño completo. 1 Lavandería. Excelente iluminación y ventilación natural. Servicios: luz y agua independientes. Zona de tendal en el 5to piso. precio: 1, 550 soles ligeramente negociables. Condiciones: 1 mes de renta adelantada y 2 meses de garantia. Contrato mínimo por un año. Ubicado a espaldas del paradero 5 de la Av. Flores de Primavera, 4 minutos de la Estación Piramide de Sol y Mall Aventura, 5 minutos del Club Metropolitano Wiracocha y metro haciendo, cerca de colegios y mas. Agenda tu visita al: 9-4-1-1-3-8-5-9-1. 9-4-4-2-7-3-0-5-9. lima house inmobiliaria|https://urbania.pe/inmueble/clasificado/alclapin-alquiler-de-departamento-en-las-flores-san-juan-de-lurigancho-2-dormitorios-148353311?n_src=Listado&n_pills=%C3%81rea+de+lavander%C3%ADa&n_pg=1&n_pos=4|2025-12-23
urbania|departamentos|alquiler|Lima Este|San Juan de Lurigancho|"Jr tiahuanaco 380 Zarate
San Juan de Lurigancho, Lima"|S/ 1,750 · USD 525|1750|525|||"120 m² tot.
3 dorm.
2 baños
1 estac."|120|3|2|1|¡Alquila tu nuevo hogar en Zárate, sjl! Departamento amplio de 120 m² ubicado estratégicamente en la cuadra 3 de Av. Gran Chimú, a pocos pasos de un hermoso parque. Características: -3 dormitorios bien iluminados. -Sala-comedor amplia. -Cocina funcional. -2 baños completos. -1 estacionamiento privado. * Propietario no permite Mascotas por mala experiencia pasada* (Lo sentimos) Ubicación privilegiada: -Fácil acceso al centro de Lima. -Conexión directa con la Vía de Evitamiento. - Cerca de Parques, bodegas, colegios, casas de cambio, farmacias, restaurantes, mercados y más. Ideal para familias que buscan comodidad, tranquilidad y excelente conectividad. ¡Agenda una visita ahora y no dejes pasar esta oportunidad!|https://urbania.pe/inmueble/clasificado/alclapin-alquiler-de-departamento-en-san-juan-de-lurigancho-lima-3-dormitorios-145464203?n_src=Listado&n_pg=1&n_pos=5|2025-12-23
urbania|departamentos|alquiler|Lima Este|San Juan de Lurigancho|"Heliotropos
San Juan de Lurigancho, Lima"|S/ 2,300 · USD 682|2300|682|||"160 m² tot.
3 dorm.
3 baños"|160|3|3||Este hermoso departamento se encuentra en excelente estado, totalmente pintado y listo para tu mudanza. (Segundo Piso) Ubicado en una zona tranquila y con fácil acceso a vías principales, disfrutarás de amplios ambientes bien distribuidos y con excelente iluminación natural. Distribución: Amplia sala y comedorEspacio adicional que puede usarse como sala de estarKitchenette con barra desayunadora, cocina incluida, muebles altos y bajosBaño de visitaÁrea libre ideal para tv room o zona de juegosDormitorio principal con baño incorporadoDormitorio secundario con baño incorporadoTercer dormitorio con baño completo externoLavandería dentro del departamentoEspacio adicional para tendal en la azotea (4to piso) Características adicionales: Vista a parqueNo se paga mantenimientoCuenta con gas naturalAccesibilidad: A pocos minutos del colegio Las Florecillas, Parque San Francisco, kfc, estación San Martín del tren eléctrico, y cerca de las avenidas Las Flores y Canto Grande, bancos, restaurantes y diversos comercios. Un departamento amplio, iluminado y bien ubicado — ideal para familias que buscan comodidad y funcionalidad en una zona tranquila y segura. Departamento amplio, cómodo y muy bien iluminado — ideal para familias que buscan confort y funcionalidad. Consultar con el Agente Inmobiliario encargado para mayor información Ver datos.|https://urbania.pe/inmueble/clasificado/alclapin-alquiler-de-departamento-en-san-juan-de-lurigancho-lima-3-dormitorios-148000427?n_src=Listado&n_pills=%C3%81rea+de+lavander%C3%ADa&n_pg=1&n_pos=6|2025-12-23
urbania|departamentos|alquiler|Lima Este|San Juan de Lurigancho|"Zarate Lomas san Juan de Lurigancho
Mangomarca, San Juan de Lurigancho"|S/ 850|850||||"60 m² tot.
2 dorm.
1 baño"|60|2|||Dali tafur 9. 6. 0. 9. 6. 6. 7. 3. 1Alquiler de Departamento en Zárate – 3er PisoS/ 850 (no incluye servicios) Cómodo departamento de 2 habitaciones, ubicado en una zona tranquila y con excelente accesibilidad. La cocina está amoblada con muebles altos y bajos, bien ventilada, ideal para un uso práctico y funcional. Incluye 1 baño completo y terma instalada.? Ubicación estratégica: A pocos metros de la Comisaría de ZárateCerca de colegios, mercados y serviciosA solo 5 minutos del Mall de San Juan de Lurigancho? Requisitos: No se aceptan mascotasSustentar ingresosBuen reporte crediticioIdeal para personas solas, parejas o familias pequeñas que buscan vivir en una zona segura y bien conectada.? Contáctame para coordinar una visita!|https://urbania.pe/inmueble/clasificado/alclapin-alquiler-de-departamento-en-mangomarca-san-juan-de-lurigancho-2-dormitorios-148514808?n_src=Listado&n_pg=1&n_pos=7|2025-12-23
urbania|departamentos|alquiler|Lima Este|San Juan de Lurigancho|"Av. Central al 1000
San Juan de Lurigancho, Lima"|S/ 1,100|1100||||"75 m² tot.
3 dorm.
2 baños"|75|3|2||Alquiler de departamento en san juan de lurigancho 3 dormitorioscontacto: eduardo nalvarte alvarezcelular: 9. 9. 4. 4. 8. 6. 4. 9. 0Departamento de Estreno dpto. 3- Cerca a la estación de Bayóvar en sjlubicación, diseño y confort se combinan en este departamento de estreno en alquiler. Situado en la Av. Central, a solo dos cuadras de la estación del tren de Bayóvar, te permitirá disfrutar de una vida práctica y conectada. 3 habitaciones espaciosas y bien distribuidas2 baños (uno en la habitación principal y otro de visitas) Cocina equipada con muebles altos y bajos de melamine, cocina incluida y gas naturalLavandería independienteSolo un departamento por piso, mayor tranquilidad y privacidadVive en una zona comercial con fácil acceso a transporte y servicios esenciales. Consulta disponibilidad y agenda una visita.|https://urbania.pe/inmueble/clasificado/alclapin-alquiler-de-departamento-en-san-juan-de-lurigancho-lima-3-dormitorios-148472182?n_src=Listado&n_pills=%C3%81rea+de+lavander%C3%ADa&n_pg=1&n_pos=8|2025-12-23
urbania|departamentos|alquiler|Lima Este|San Juan de Lurigancho|"Av. Las Flores de Primavera al 800 Urb. Las Flores
San Juan de Lurigancho, Lima"|S/ 1,200 · USD 345|1200|345|||"60 m² tot.
2 dorm.
1 baño"|60|2|||Alquiler de departamento en San Juan de Lurigancho! Ubicación privilegiada, a pocos minutos de la Estación Pirámide del sol y Caja de Agua ( tren eléctrico), con fácil acceso. Además, muy cerca de nuevo Mall Aventura de sjl y al instituto sise. El departamento cuenta con 70 m2 bien distribuidos. distribucion: - 2 dormitorios amplios que comparten un baño completo. -kitchenette. - sala- comedor amplia e iluminada. - ubicado en un 2 piso ( con escaleras) visitas faciles!!|https://urbania.pe/inmueble/clasificado/alclapin-alquiler-de-departamento-en-san-juan-de-lurigancho-lima-2-dormitorios-147925976?n_src=Listado&n_pg=1&n_pos=9|2025-12-23
urbania|departamentos|alquiler|Lima Este|San Juan de Lurigancho|"Parque Principal San Antonio
Chosica, San Juan de Lurigancho"|S/ 800 · USD 212|800|212|||"90 m² tot.
3 dorm.
2 baños"|90|3|2||Alquiler de departamento en segundo pisoárea Total: 90m2Descripción: - 3 dormitorios- 2 baños- Sala-comedor- Cocina- Área de lavandería- Intercomunicador- Terma eléctrica- Tendal (azotea) Ubicación: - Paradero 1er entrada- Espalda parque principal San AntonioPrecio: - Alquiler 800 soles- 1 mes de garantía, 1 mes de adelanto- Luz compartido- Agua compartidoR. U. C Ver datos|https://urbania.pe/inmueble/clasificado/alclapin-alquiler-de-departamento-en-chosica-san-juan-de-lurigancho-3-dormitorios-143885371?n_src=Listado&n_pills=%C3%81rea+de+lavander%C3%ADa&n_pg=1&n_pos=10|2025-12-23
urbania|departamentos|alquiler|Lima Este|San Juan de Lurigancho|"Av Piramide del Sol al 500, Tercer Piso - Departamento Amplio con 3 Dorm - Tercer Piso
San Juan de Lurigancho, Lima"|S/ 1,690 · USD 510|1690|510|||"160 m² tot.
3 dorm.
2 baños"|160|3|2||Amplio Oficina en Alquiler y/o Amplio Departamento– Zona Estratégica de sjse alquila departamento y / o Oficina de 160 m² en tercer piso de Pirámide del Sol 526, a pocos minutos de la Estación Caja de Agua. Ubicado en una zona altamente comercial y con excelente conectividad. Características: 3 dormitorios ampliosSala comedor iluminadaCocina independiente1 baño completoLavanderíaSin ascensorIdeal para familias o Oficina que busquen comodidad y amplitud, con fácil acceso a transporte, comercios y servicios. 160 m² bien distribuidos Cerca a transporte público y zona comercial Excelente relación ubicación–precio|https://urbania.pe/inmueble/clasificado/alclapin-alquiler-de-departamento-en-san-juan-de-lurigancho-lima-3-dormitorios-147272814?n_src=Listado&n_pills=%C3%81rea+de+lavander%C3%ADa&n_pg=1&n_pos=11|2025-12-23
urbania|departamentos|alquiler|Lima Este|San Juan de Lurigancho|"Jr. Villac Umo
Zarate, San Juan de Lurigancho"|S/ 800|800||||"50 m² tot.
1 dorm.
1 baño"|50|1|||Alquiler en Zarate sjl hermoso Dpto 4to piso de 1 dormitorio a S/800 soles. Leer bien para consultar. C. 9. 3. 2. 0. 5. 7. 4. 2. 1 Manuel Caballero. Ubicación: Av. Gran Chimu y Av. Las Lomas a un paso de Av. Malecon Checa. Cerca al mercado de Gran chimu, cerca a Avenidas principales y con movilidad publica a los mejores lugares de Lima. Características: 4to piso sin ascensor, cocina y lavanderia amplias, sala - comedor, baño de completo y 1 dormitorio. Metraje de 50 m2 en total. Costos: Renta mensual de S/800 soles precio. Condición de 1x1 un mes de garantía y un mes de adelanto. Agua y luz se paga aparte y tambien arbitrios. Requisitos: Sustentar ingresos para poder arrendar. Firmar contrato notarial por año.|https://urbania.pe/inmueble/clasificado/alclapin-alquiler-de-departamento-en-zarate-san-juan-de-lurigancho-1-dormitorio-148489055?n_src=Listado&n_pills=%C3%81rea+de+lavander%C3%ADa&n_pg=1&n_pos=12|2025-12-23
urbania|departamentos|alquiler|Lima Este|San Juan de Lurigancho|"Av. Canto Rey
Cristo Rey, San Juan de Lurigancho"|S/ 1,600|1600||||"90 m² tot.
2 dorm.
2 baños"|90|2|2||Departamento 1er piso, 90 m², 2 cuartos, 2 baños, terraza y patios. Cerca a tren San Martín, Mass, Cantorrey, 2do Metro y Univ. César Vallejo. Excelente ubicación|https://urbania.pe/inmueble/clasificado/alclappa-alquiler-de-departamento-en-cristo-rey-san-juan-de-lurigancho-2-dormitorios-148276912?n_src=Listado&n_pills=Cerca+a+colegios&n_pg=1&n_pos=13|2025-12-23
urbania|departamentos|alquiler|Lima Este|San Juan de Lurigancho|"Las dalias 134
San Juan de Lurigancho, Lima"|S/ 1,000|1000||||"58 m² tot.
1 dorm.
1 baño"|58|1|||A 300 metros de la Estación San Martín del Tren Eléctrico. Características del inmueble: • 1 habitación. • 1 baño. • Área construida: 66 m² • Área total: 55 m² • Cochera: Paralelo techado. • Antigüedad: 40 años. Servicios: • Agua municipal. • Energía por empresa privada. • Drenaje municipal. • No cuenta con gas. Beneficios del inmueble: • Ubicación estratégica con acceso rápido al tren eléctrico. • Movilidad garantizada hacia cualquier punto de la ciudad. • Zona tranquila y con diversas facilidades cercanas: comercios, bancos, mercados y transporte público. • Ideal para personas solas, parejas o profesionales que buscan independencia. Contáctanos para coordinar una visita.|https://urbania.pe/inmueble/clasificado/alclapin-alquiler-de-departamento-en-san-juan-de-lurigancho-lima-1-dormitorio-148377920?n_src=Listado&n_pg=1&n_pos=14|2025-12-23
urbania|departamentos|alquiler|Lima Este|San Juan de Lurigancho|"San Juan de Lurigancho
San Juan de Lurigancho, Lima"|S/ 44,400 · USD 12,000|44400|12000|||"1009 m² tot.
3 baños
4 estac."|1009||3|4|Local en excelente ubicación frente A paradero piramides del solse alquila local comercial, en excelente ubicación, cruce de Av. Lurigancho con Los Próceres. Área de terreno: 1009. 4m2 y más de 24ml de frente, Área construida: 516. 7 m2Precio de alquiler: us$12, 000 dólares mensuales, zonificación cz. Visitas e InformesVladimir MoscosoVer datos|https://urbania.pe/inmueble/clasificado/alclapin-alquiler-de-departamento-en-san-juan-de-lurigancho-lima-144403409?n_src=Listado&n_pg=1&n_pos=15|2025-12-23
urbania|departamentos|alquiler|Lima Este|San Juan de Lurigancho|"jr Sochin Mangomarca Zarate san Juan de Lurigancho
Zarate, San Juan de Lurigancho"|S/ 650|650||||"50 m² tot.
1 dorm.
1 baño"|50|1|||Dali Tafur 9.. 6. 0. 9. 6. 6. 7. 3. 1Alquiler de Departamento en Zárate – 2do PisoS/ 650 (no incluye servicios) Cómodo departamento de 2 habitaciones, ubicado en una zona tranquila y con excelente accesibilidad. La cocina está amoblada con muebles altos y bajos, bien ventilada, ideal para un uso práctico y funcional. Incluye 1 baño completo y terma instalada.? Ubicación estratégica: A pocos metros de la Comisaría de ZárateCerca de colegios, mercados y serviciosA solo 5 minutos del Mall de San Juan de Lurigancho Requisitos: No se aceptan mascotasSustentar ingresosBuen reporte crediticioIdeal para personas solas, parejas o familias pequeñas que buscan vivir en una zona segura y bien conectada. Contáctame para coordinar una visita!|https://urbania.pe/inmueble/clasificado/alclapin-alquiler-de-departamento-en-zarate-san-juan-de-lurigancho-1-dormitorio-148421743?n_src=Listado&n_pg=1&n_pos=16|2025-12-23
urbania|departamentos|alquiler|Lima Este|San Juan de Lurigancho|"Los Chasquis 552
Zarate, San Juan de Lurigancho"|S/ 1,500|1500||||"70 m² tot.
2 dorm.
1 baño"|70|2|||Alquiler de departamento en zárate – san juan de luriganchose alquila todo el segundo piso (70 m²) en una de las mejores zonas de Zárate, San Juan de Lurigancho, frente a un parque. Ubicado en Los Chasquis 554, a la altura de la cuadra 4 de la Av. Chimú, una zona altamente transitada con múltiples negocios y servicios. El departamento cuenta con zonificación rdm, por lo que puede ser usado como vivienda, consultorio u oficina. alrededores: Al costado de una iglesia. Frente a un parque con áreas verdes y espacio para estacionar. A menos de 2 cuadras del Centro de Atención al Cliente de Claro. A 3 cuadras del Mini-Market Mass. Cerca de boticas reconocidas (Inkafarma, Mifarma). Próximo a la Notaría Chávez Gil, pollería Roky’s, bancos bbva y Banco de la Nación, y Sunarp. Cerca de chifas, restaurantes, tiendas de ropa, fuentes de soda y la Municipalidad. el departamento cuenta con: Hermosa vista al parque. Sala comedor con vista a la calle. 1 baño completo. Cocina con gas natural y área de lavandería. 2 habitaciones amplias, iluminadas y bien ventiladas. Acabados recientemente remodelados. precio de alquiler: S/ 1, 500 solescondiciones: 2 meses de garantía + 1 mes de adelantoContrato mínimo de 1 añorequisitos: Buen historial crediticioSustento de ingresosVive frente al parque, en una zona céntrica, tranquila y con gas natural.|https://urbania.pe/inmueble/clasificado/alclapin-alquiler-de-departamento-en-zarate-san-juan-de-lurigancho-2-dormitorios-147864481?n_src=Listado&n_pills=%C3%81rea+de+lavander%C3%ADa&n_pg=1&n_pos=17|2025-12-23
urbania|departamentos|alquiler|Lima Este|San Juan de Lurigancho|"Jr. Los Arandanos
Las Violetas Et.2, San Juan de Lurigancho"|S/ 1,200|1200||||"55 m² tot.
2 dorm.
1 baño"|55|2|||Departamento en alquiler en 2do Piso - jr. Los arandanos - sjl. ubicación. Ubicado en la urbanización Las Violetas, sjl, a la altura del paradero Celima o paradero 7 de Las Flores de Primavera. Excelente oportunidad de vivir en una de las mejores zonas de San Juan de Lurigancho, a solo 5 minutos del parque zonal Huiracocha, entre las estaciones del tren Pirámides y Los Jardines, a 15 minutos del Mall Aventura sjl y 8 minutos del Metro de sjl, a pocos pasos del Tottus de Tusilagos, muy bien ubicado, tranquilo y céntrico. Características. Piso: 2do. Área Total: 55m2. Ambiente tipo monoespacio para sala pequeña y comedor. Cocina equipada con campana extractora y muebles altos y bajos. Espacio y punto para lavadora con Tendedero retráctil. 2 Dormitorios con piso parquet, ventanas con rejas y cortinas incluidas. 1 baño completo con ducha, espejo y extractor de aire. condiciones. Trato 1x1 (01 Mes de Adelanto y 1 mes de Garantía) Servicios agua y luz según consumo. Máximo 3 personas. Si tiene mascota, debe ser pequeña y tranquila. No Extranjeros. Precio: S/ 1, 200. Contacto: Alberto Rodriguez Diaz. Agente Inmobiliario. Celular: Ver datos. Registro Inmobiliario: pn-mvcs - 7452|https://urbania.pe/inmueble/clasificado/alclapin-alquiler-de-departamento-en-las-violetas-et2-san-juan-de-lurigancho-2-dormitorios-148449801?n_src=Listado&n_pills=Seguridad&n_pg=1&n_pos=18|2025-12-23
urbania|departamentos|alquiler|Lima Este|San Juan de Lurigancho|"av Central
Bayovar, San Juan de Lurigancho"|S/ 1,000|1000||||"90 m² tot.
2 dorm.
1 baño"|90|2|||Alquiler de departamento en San Juan de Lurigancho – Cerca a Estación BayóvarSe alquila departamento ubicado en un tercer piso dentro de una urbanización tranquila, a solo cinco minutos de la estación Bayóvar. El entorno cuenta con vías amplias, acceso rápido al transporte y a la Av. Central Características del departamento: Área de 90 m²Tercer pisoDos dormitorios con buena iluminaciónUn baño completoSala cómoda y ventiladaCocina independientePequeño patio interiorTerma y gas cálidoServicios: Agua y luz se pagan por separadoUbicación: Cerca de la estación Bayóvar (5 minutos) A pocos metros de Av. Central Zona con mercados, tiendas, movilidad constante y acceso a serviciosCondiciones: Alquiler: S/ 1, 000 mensualesUn mes de adelanto + un mes de garantíaSe acepta mascota pequeña|https://urbania.pe/inmueble/clasificado/alclapin-alquiler-de-departamento-en-bayovar-san-juan-de-lurigancho-2-dormitorios-148417995?n_src=Listado&n_pg=1&n_pos=19|2025-12-23
urbania|departamentos|alquiler|Lima Este|San Juan de Lurigancho|"CALLE LOS TORDOS 1098
San Juan de Lurigancho, Lima"|S/ 1,800|1800|||180|"98 m² tot.
3 dorm.
2 baños"|98|3|2||Departamentos de estreno en san juan de lurigancho. Vive en una zona céntrica y comercial, a pocos pasos del Parque Zonal Huiracocha, cerca de colegios, clínicas, avenidas principales y a una cuadra del Mall Aventura Plaza, el centro comercial más grande de Lima. Ubicación: Jirón Los Tordos N° 1098, cruce con Av. 13 de Enero, distrito de San Juan de Lurigancho, Lima. Departamento N. º 301 – 98 M² Precio de alquiler: S/ 1, 800 mensuales. Mantenimiento y arbitrios: S/ 200. Características: Sala-comedor con vista a la calle, amplias ventanas que permiten gran iluminación y ventilación. Cocina cerrada amoblada con muebles altos y bajos, mesón de porcelanato y espacio para cocina de 4 hornillas y campana extractora. Lavandería espaciosa con caño y área para tendal. Dormitorio principal con vista a calle, capacidad para cama King Size, clóset amplio de pared a pared y baño privado con grifería fina, espejo y muebles altos. Segunda habitación con clóset y ventana con vista exterior. Tercera habitación con capacidad para cama de 1 plaza y media. Baño secundario completo. Condiciones de alquiler. Sustento de ingresos (boletas o recibos de honorarios). Buen historial crediticio (reporte verde en Infocorp). Dos meses de garantía y un mes de adelanto. No se aceptan mascotas. El edificio cuenta con: Escaleras descansadas totalmente revestidas en porcelanato, acceso independiente, medidor de luz y contómetro de agua para cada departamento. Conoce el departamento que estabas buscando. Agenda tu visita con 24 horas de anticipación. Contacto: Inmobiliaria Portilla 9. 4. 9. 1. 7. 4. 6. 3. 9. Seriedad, confianza y calidad en cada propiedad.|https://urbania.pe/inmueble/clasificado/alclapin-alquiler-de-departamento-en-san-juan-de-lurigancho-lima-3-dormitorios-66433854?n_src=Listado&n_pills=Cerca+a+colegios&n_pg=1&n_pos=20|2025-12-23
urbania|departamentos|alquiler|Lima Este|San Juan de Lurigancho|"Los Chasquis 552
Zarate, San Juan de Lurigancho"|S/ 1,800 · USD 404|1800|404|||"148 m² tot.
3 dorm.
1 baño"|148|3|||Alquiler de departamento U oficina en zárate - san jun de luriganchose alquila todo el tercer piso (148m2), en una de las mejores zonas de Zárate, San Juan de Lurigancho, frente al parque. El departamento está ubicado en Jr. Los Chasquis 552 a la altura de la cuadra 4 de Chimú, siendo una avenida altamente transitada por transeúntes para disfrutar de la variedad de negocios de servicios de consumo, etc. El departamento tiene una zonificación: rdm, y puede también ser usado para consultorios Y oficinas. el departamento cuenta con: - Hermosa vista al parque. - Acabados recién remodelados en varias áreas. - Sala comedor con vista a la calle. - 3 habitaciones amplias, iluminadas y bien ventiladas. - Un baño completo. - Un área de cocina y lavandería. - Tiene al frente del departamento un hermoso parque para que pueda disfrutar con lo hijos o con la familia a cualquier hora del día. - Terraza Ampliaequipado con: Lavadora y Refrigerador. alrededores: - Se encuentra al costado de una Iglesia. - Se encuentra frente a un lindo parque en el que puede disfrutar con su familia, con espacio para estacionar autos o camionetas. - Se encuentra a menos de 2 cuadras del servicio de Centro de Atención al Cliente de Claro. - Se encuentra a menos de 3 cuadras de Mini-Market Mass. - Se encuentra a unas cuadras de boticas con con renombre como Inkafarma, Mifarma. - Se encuentra cerca la notaría Chávez Gil. - se encuentra a 2 cuadras de la pollería Roki´s. - se encuentra a 2 cuadras del banco bbva. - se encuentra a 3 cuadras del Banco de la Nación. - Se encuentra a unas cuadras de la Sunarp. - Se encuentra cerca de chifas, restaurantes, tiendas de ropa, fuente soda. - se encuentra 6 cuadras de la Municipalidad. precio de alquiler: S/. 1800 solescondiciones: * 2 Meses de Garantía + 1 Mes de Renta Adelantada* Contrato: 1 año mínimorequisitos: * Buen historial crediticio* Sustento de ingresospara más informacióncontacto: 906 * 081 * 320|https://urbania.pe/inmueble/clasificado/alclapin-alquiler-de-departamento-en-zarate-san-juan-de-lurigancho-3-dormitorios-147760325?n_src=Listado&n_pills=%C3%81rea+de+lavander%C3%ADa&n_pg=1&n_pos=21|2025-12-23
urbania|departamentos|alquiler|Lima Este|San Juan de Lurigancho|"Calle Las Anémonas cuadra 4
Las Flores, San Juan de Lurigancho"|S/ 1,900|1900||||"145 m² tot.
3 dorm.
2 baños"|145|3|2||Dpto, para una familia que gusta de espacios amplios y buenos acabados. Sala-comedor, amplia sala estar y/o estudio, cocina con muebles altos y bajos en malamine y granito, totalmente remodelado, 3 dormitorios, baño principal y baño de visita totalmente remodelados, área de lavanderia, amplio balcon. Gas calidda para cocina, terma y secadora. Total 145 mt2. La sala estar y/o estudio puede ser utilizada como una oficina administrativa.|https://urbania.pe/inmueble/clasificado/alclappa-alquiler-de-departamento-en-las-flores-san-juan-de-lurigancho-3-dormitorios-141924505?n_src=Listado&n_pills=%C3%81rea+de+lavander%C3%ADa&n_pg=1&n_pos=22|2025-12-23
urbania|departamentos|alquiler|Lima Este|San Juan de Lurigancho|"Avenida el muro oeste
Mariscal Andres Avelino Caceres, San Juan de Lurigancho"|S/ 1,200 · USD 329|1200|329|||"70 m² tot.
2 dorm.
1 baño"|70|2|||¡Depa de estreno en alquiler! S/1, 200 mensuales. 70 m² – 4to piso. 2 dormitorios. 1 baño. Lavandería. Gas natural. ¡Perfecto para comenzar una nueva etapa! ¡Contáctame ya y agenda tu visita!|https://urbania.pe/inmueble/clasificado/alclapin-alquiler-de-departamento-en-mariscal-andres-avelino-caceres-san-juan-de-lurigancho-2-dormitorios-147293359?n_src=Listado&n_pills=%C3%81rea+de+lavander%C3%ADa&n_pg=1&n_pos=23|2025-12-23
